Datum;Beschreibung;Ausprägung;Total;Kanton_Zürich_Ja;Kanton_Zürich_Nein;Alter_15-29;Alter_30-64;Alter_65-79;Männlich;Weiblich;Städtisch;Ländlich;Erwerbstätig;In_Ausbildung;Nicht_Erwerbstätig
16.02.2020;Distanz;weniger als 2 Km;26.13705814;26.16907902;26.12881903;19.31934633;27.31269071;31.23145553;23.01214848;29.26384311;26.07668699;26.22165473;25.90073987;19.74064275;32.30137069
16.02.2020;Distanz;2 - 10 Kilometer;19.0557552;18.35832288;19.23520745;14.38365632;19.41093578;24.45582494;18.99109804;19.12045116;21.34150862;15.85278549;19.03895465;12.25036414;24.53948788
16.02.2020;Distanz;10 - 20 Kilometer;12.20169977;11.24001134;12.44914623;12.72674568;12.1612467;11.59712606;13.19338612;11.2094183;12.11525277;12.32283583;12.36348826;12.57737329;11.16215807
16.02.2020;Distanz;20 - 50 Kilometer;19.94110458;21.49898298;19.54025594;21.31645374;20.13933937;17.0683245;21.67287829;18.20829158;18.6660783;21.72776734;20.62863362;20.75807763;16.14279356
16.02.2020;Distanz;50 - 100 Kilometer;10.65361388;9.642099792;10.91388068;13.89841388;10.23021401;7.652138917;10.24371233;11.06376142;9.356132041;12.47174307;10.54080285;14.22979827;8.329123795
16.02.2020;Distanz;100++ Kilometer;12.01076844;13.09150398;11.73269066;18.35538404;10.74557343;7.995130051;12.88677674;11.13423443;12.44434128;11.40321355;11.52738076;20.44374392;7.525066012
16.02.2020;Radius;weniger als 500 Meter;23.38999585;24.39839054;23.13053167;18.38429526;24.32130398;26.84166895;20.42912035;26.35264823;23.08662738;23.81509858;23.06451191;18.32418918;28.9055853
16.02.2020;Radius;500 Meter - 2 Kilometer;13.80643856;12.74069996;14.08065756;8.815136865;14.25079033;19.30040019;13.58122018;14.0317921;14.99316517;12.14350793;13.44858534;7.734687551;20.26950323
16.02.2020;Radius;2 - 10 Kilometer;27.92419494;27.76576766;27.96495894;25.56716208;28.49113071;29.00531751;30.50289742;25.34394492;28.93441162;26.5086033;28.95378985;24.29906889;26.08822407
16.02.2020;Radius;10 - 20 Kilometer;11.54313995;11.64302117;11.51744009;13.83063463;11.48161272;8.42302834;12.35746209;10.72832912;9.746974614;14.06006199;12.12073757;12.08947794;8.463387089
16.02.2020;Radius;20 - 50 Kilometer;12.6815846;12.36234399;12.76372655;15.94703776;12.3670996;9.188037636;12.53278069;12.83047781;11.13884367;14.8433893;12.75436797;17.2308552;8.733874329
16.02.2020;Radius;50 - 100 Kilometer;6.835772155;6.231739626;6.991192253;10.33746711;6.118482498;4.700028154;6.523032736;7.148699256;7.726503844;5.58761188;6.031634122;12.70724985;5.854342423
16.02.2020;Radius;100++ Kilometer;3.81887395;4.858037058;3.551492933;7.11826631;2.969580169;2.541519222;4.073486536;3.564108566;4.373473709;3.041727031;3.626373239;7.61447139;1.68508356
17.02.2020;Distanz;weniger als 2 Km;11.57995602;10.979784;11.73299326;7.332630167;10.03372296;24.73826969;11.1921038;11.96804099;12.19969677;10.69916019;9.722789297;8.07923678;23.33204715
17.02.2020;Distanz;2 - 10 Kilometer;20.53338703;20.68190791;20.49551584;18.71814751;20.15146354;24.94172342;17.40890547;23.65974365;25.78037639;13.07619415;19.29125124;21.47623415;25.60287838
17.02.2020;Distanz;10 - 20 Kilometer;16.07934486;13.08629106;16.84254053;16.82701099;15.05538418;19.41082949;15.78846139;16.37040289;17.53973968;14.00378398;14.85749539;19.30587854;19.11245397
17.02.2020;Distanz;20 - 50 Kilometer;25.85791015;32.43624389;24.18050768;30.04964245;26.43182715;17.02036305;27.34044746;24.37448315;22.1881414;31.07350552;28.02645185;23.50169342;17.61096198
17.02.2020;Distanz;50 - 100 Kilometer;15.73291139;13.42540808;16.32129925;14.8955571;17.91712066;7.481399304;16.15610546;15.30946335;12.81722409;19.87678152;17.74817902;13.96883954;7.707215741
17.02.2020;Distanz;100++ Kilometer;10.21649055;9.390365063;10.42714343;12.17701178;10.41048151;6.407415043;12.11397642;8.317865968;9.474821658;11.27057464;10.3538332;13.66811758;6.63444278
17.02.2020;Radius;weniger als 500 Meter;11.38216786;9.705091136;11.80980391;6.368406842;10.10735276;24.51646473;10.83758846;11.92707408;11.91732386;10.62158666;9.716387481;6.183710621;23.67232741
17.02.2020;Radius;500 Meter - 2 Kilometer;12.973126;12.64165769;13.05764677;12.49191407;12.13066074;17.37150907;11.85345634;14.09346761;16.42719368;8.064092071;11.42365338;14.38240489;19.09883148
17.02.2020;Radius;2 - 10 Kilometer;35.47771624;34.8911603;35.62728153;37.28512257;34.86174499;35.42940076;34.78632168;36.16952572;37.7671671;32.22387381;35.38759232;37.14948493;34.4831225
17.02.2020;Radius;10 - 20 Kilometer;16.6246305;20.52572781;15.62989375;17.55607041;17.67334087;10.64693938;17.02833345;16.22068527;12.95655364;21.83782128;18.06496618;15.21342756;11.016369
17.02.2020;Radius;20 - 50 Kilometer;16.52026408;15.11285146;16.87913876;18.23357221;18.04676326;7.278701117;17.09209487;15.94809012;13.84414054;20.32365837;18.51964639;16.12775101;7.404199724
17.02.2020;Radius;50 - 100 Kilometer;5.127538275;4.338331394;5.328777316;5.698878538;5.636004339;2.048257305;5.668318713;4.586433304;5.140228728;5.109502189;5.110674462;7.837324164;2.904670101
17.02.2020;Radius;100++ Kilometer;1.894557039;2.785180215;1.667457963;2.366035361;1.544133051;2.708727623;2.733886482;1.054723899;1.947392448;1.819465629;1.777079782;3.105896816;1.420479784
18.02.2020;Distanz;weniger als 2 Km;10.26687046;8.723872015;10.65091839;7.950264593;8.778462108;20.42078338;8.608139883;11.92659648;10.28795271;10.23679705;8.343285546;9.303509296;20.16727748
18.02.2020;Distanz;2 - 10 Kilometer;17.83406155;17.06144882;18.02636265;17.08433985;17.36848316;21.0486994;16.24369095;19.42538656;21.42163673;12.7164557;16.5787814;18.61406161;23.11300463
18.02.2020;Distanz;10 - 20 Kilometer;17.02079753;18.43245554;16.66943987;16.33018423;15.93754387;22.88416537;15.5170531;18.52544439;20.05472285;12.69296239;16.32295658;17.74799824;19.70919267
18.02.2020;Distanz;20 - 50 Kilometer;27.38496779;31.18836762;26.4383124;28.87872267;28.91473063;18.30960681;28.61029789;26.15890235;24.60181448;31.35508157;29.68623282;24.46250123;18.95939691
18.02.2020;Distanz;50 - 100 Kilometer;16.45687147;15.65598286;16.65621037;19.068925;16.68087738;11.45745471;17.78771969;15.12522459;13.36911587;20.86149447;16.98302362;18.50092895;12.25505037
18.02.2020;Distanz;100++ Kilometer;11.03643119;8.937873136;11.55875632;10.68756365;12.31990285;5.879290324;13.23309848;8.838445631;10.26475737;12.13720881;12.08572004;11.37100068;5.796077937
18.02.2020;Radius;weniger als 500 Meter;9.637208365;8.260605268;9.979840957;7.534572255;8.327075979;18.67231696;8.439827583;10.83530772;9.357898894;10.03563786;7.951093508;8.776406101;18.32912552
18.02.2020;Radius;500 Meter - 2 Kilometer;12.86645925;11.57539841;13.18780062;12.71920945;11.47655387;19.25649835;11.36612595;14.36769294;15.47160794;9.15026558;11.106067;13.38866406;20.74918947
18.02.2020;Radius;2 - 10 Kilometer;35.87402341;36.72747594;35.6616015;34.50636519;35.80417218;38.28131007;34.62153321;37.12726526;39.24577616;31.06428404;35.90303254;34.64444456;36.76846101
18.02.2020;Radius;10 - 20 Kilometer;17.3196004;21.71404267;16.22583622;18.74735386;18.74659625;8.801232045;18.14265946;16.4960474;13.98300951;22.07918205;19.25301788;14.95798874;10.16220288
18.02.2020;Radius;20 - 50 Kilometer;17.21456101;14.78380448;17.8195694;18.98171043;18.34875568;9.474250014;19.18717355;15.24076467;14.17202181;21.5546837;18.37749964;20.12443901;9.276465801
18.02.2020;Radius;50 - 100 Kilometer;5.817186831;5.131086653;5.987955213;6.083519406;6.276216016;3.372940205;6.656809688;4.9770601;6.186153141;5.290863605;6.102649214;7.054285891;3.430029873
18.02.2020;Radius;100++ Kilometer;1.27096073;1.807586565;1.137396087;1.427269413;1.02063003;2.141452349;1.585870564;0.955861912;1.583532535;0.825083161;1.306640223;1.053771636;1.284525445
19.02.2020;Distanz;weniger als 2 Km;11.32770308;10.36171969;11.56884749;7.600691461;11.08513642;18.22675091;10.72732836;11.92843809;11.68669555;10.81796516;9.89952873;8.025551575;21.02382724
19.02.2020;Distanz;2 - 10 Kilometer;19.01609293;16.66929529;19.60193854;16.74993371;17.99939478;27.13800224;16.69912776;21.33444855;23.53250572;12.6031818;17.6638535;17.8658912;26.5022642
19.02.2020;Distanz;10 - 20 Kilometer;16.4018923;17.60679001;16.10110623;16.67484459;16.08652352;17.40171017;16.12961032;16.67433768;18.70406871;13.13300316;15.60472354;19.92077242;17.21693317
19.02.2020;Distanz;20 - 50 Kilometer;24.71487934;28.46471582;23.77878447;26.91607631;24.79573572;20.92219991;23.72957565;25.70077434;23.45539946;26.50323062;26.19336823;22.04004441;19.90117959
19.02.2020;Distanz;50 - 100 Kilometer;17.83850904;18.53170406;17.66546247;20.35416132;18.63064316;10.34269402;19.32538455;16.35074122;13.18023704;24.45284782;19.26537575;19.82136843;9.279746055
19.02.2020;Distanz;100++ Kilometer;10.70092331;8.365775117;11.2838608;11.7042926;11.4025664;5.968642753;13.38897335;8.011260123;9.441093509;12.48977144;11.37315024;12.32637196;6.076049743
19.02.2020;Radius;weniger als 500 Meter;10.66180657;8.901487211;11.10124599;6.479058429;10.14436839;19.51231327;9.638979214;11.68524775;10.36549902;11.08253738;9.143275118;6.974337897;21.12261315
19.02.2020;Radius;500 Meter - 2 Kilometer;12.35553956;9.894128938;12.96999672;10.61944957;11.78801921;17.62274429;11.52590763;13.18566936;15.18877451;8.332593747;11.39352837;10.9403414;18.19311835
19.02.2020;Radius;2 - 10 Kilometer;34.54298921;36.5643193;34.03839208;36.21769199;33.93514506;34.68159802;33.17894689;35.90785013;39.00823977;28.202724;33.69245892;39.74338798;34.17290789
19.02.2020;Radius;10 - 20 Kilometer;16.9823686;20.7867304;16.03266223;17.92860122;17.45977278;13.35215144;17.02182956;16.94288396;14.16943576;20.97648719;18.54100994;14.21020754;11.86682615
19.02.2020;Radius;20 - 50 Kilometer;17.91919216;16.70145671;18.223183;20.70658501;19.07193884;8.371036162;19.34492388;16.49260484;13.79662149;23.77288192;19.31403833;19.59086847;9.781136574
19.02.2020;Radius;50 - 100 Kilometer;5.975425289;4.173800532;6.425176023;5.971299219;6.190469823;5.010290704;7.154406543;4.795736505;5.635701391;6.457803509;6.37649318;6.38920502;3.692789116
19.02.2020;Radius;100++ Kilometer;1.562678603;2.978076909;1.209343967;2.077314551;1.410285892;1.449866118;2.135006285;0.990007455;1.835728059;1.174972257;1.539196149;2.151651696;1.170608767
20.02.2020;Distanz;weniger als 2 Km;8.833525085;10.39719421;8.440609272;6.898641054;8.243892566;14.34155543;8.776439432;8.890644996;8.145571484;9.793256333;7.677152919;7.665014723;15.39813023
20.02.2020;Distanz;2 - 10 Kilometer;18.26188911;18.12861946;18.29537685;16.4813087;17.418856;24.6433521;15.26534534;21.26023116;23.06247444;11.56482153;17.45211171;16.82063721;23.40448712
20.02.2020;Distanz;10 - 20 Kilometer;16.12419965;14.89423771;16.43326216;16.69535578;15.62002381;17.46179147;16.26289364;15.98542244;18.96951826;12.15483141;15.79543817;18.96761988;15.20945546
20.02.2020;Distanz;20 - 50 Kilometer;26.59858682;29.09399731;25.9715448;26.53542614;28.00959944;20.52890657;25.88481361;27.31278838;23.42979624;31.01921538;27.44621731;26.50438873;22.61928314
20.02.2020;Distanz;50 - 100 Kilometer;18.77085256;18.11193633;18.93642378;21.88747615;18.76834321;14.05965076;20.33010986;17.21065951;15.70173779;23.05242814;19.87344365;18.47918553;13.74272694
20.02.2020;Distanz;100++ Kilometer;11.41094678;9.374014975;11.92278314;11.50179216;11.93928497;8.964743674;13.48039812;9.340253513;10.69090178;12.41544721;11.75563624;11.56315393;9.62591711
20.02.2020;Radius;weniger als 500 Meter;8.23502275;8.26002401;8.228740481;6.399454177;7.525736972;14.11539625;7.871064407;8.599199512;6.989198227;9.973013108;7.145346144;6.779129452;14.73170467
20.02.2020;Radius;500 Meter - 2 Kilometer;12.58784286;12.02562406;12.72911614;11.58167495;11.72723947;17.87272411;11.25344957;13.92303695;15.97085599;7.868362638;11.86702968;10.0683431;18.24841462
20.02.2020;Radius;2 - 10 Kilometer;35.39275586;35.57134828;35.3478795;35.07115223;35.99745086;33.23783793;33.90407984;36.88232527;38.73557078;30.72935424;35.37417768;39.49201502;31.89181806
20.02.2020;Radius;10 - 20 Kilometer;17.69084043;21.53249744;16.72551614;18.90573033;17.61395156;16.18605816;18.07683598;17.30461324;14.35439754;22.34535273;18.29987235;16.56259162;15.76046721
20.02.2020;Radius;20 - 50 Kilometer;18.18754859;15.39790736;18.88852435;20.22621687;19.29904925;10.24198149;19.96366711;16.41036419;15.58244518;21.82180409;19.3020046;18.38929658;12.67045429
20.02.2020;Radius;50 - 100 Kilometer;6.218003795;5.57725623;6.379009628;6.249384044;6.059425876;6.863359453;6.54772321;5.888086509;6.782769551;5.430126032;6.251203308;7.017523176;5.358727205
20.02.2020;Radius;100++ Kilometer;1.687985709;1.63534263;1.701213761;1.566387408;1.777146007;1.482642601;2.383179886;0.992374331;1.584762731;1.83198716;1.760366232;1.691101047;1.338413948
21.02.2020;Distanz;weniger als 2 Km;9.672387386;9.518339717;9.710500239;6.444323006;10.11204672;12.73629801;7.987771497;11.35535896;9.608683178;9.762130478;9.122936548;7.103971914;14.54284336
21.02.2020;Distanz;2 - 10 Kilometer;18.23608811;17.01680771;18.53774964;12.33882561;17.62144494;30.21693176;15.70718947;20.76251836;22.43145754;12.32587526;16.37732901;12.27994117;32.34511359
21.02.2020;Distanz;10 - 20 Kilometer;14.65652763;13.70913701;14.89092105;12.84088114;14.92264205;16.29508988;13.53863076;15.77333336;16.0347736;12.71492817;14.43581908;14.22912709;16.08939772
21.02.2020;Distanz;20 - 50 Kilometer;25.59162261;27.70918163;25.06771844;26.27623257;26.04147941;22.49666303;26.6256564;24.55859812;23.88250509;27.99933629;26.78159497;24.57118894;20.74661101
21.02.2020;Distanz;50 - 100 Kilometer;18.50661913;19.41958882;18.28074178;21.16652139;18.88788659;12.63437085;20.08000101;16.93477299;15.93045379;22.13578356;19.80091821;19.00453901;11.84390347
21.02.2020;Distanz;100++ Kilometer;13.33675512;12.62694511;13.51236885;20.93321629;12.41450029;5.620646468;16.06075087;10.61541821;12.1121268;15.06194624;13.48140218;22.81123188;4.432130853
21.02.2020;Radius;weniger als 500 Meter;9.917601496;8.999880661;10.14465433;7.721962331;9.863079361;13.59342534;8.385465742;11.44824177;9.953595187;9.866895502;8.962209756;8.150077962;16.04858684
21.02.2020;Radius;500 Meter - 2 Kilometer;11.61511574;9.261864167;12.19733249;6.542500931;11.63925606;19.43161996;9.231526492;13.99637843;14.45853388;7.609459826;10.82665713;6.308884689;20.00817424
21.02.2020;Radius;2 - 10 Kilometer;34.24668671;36.86336506;33.5992957;30.7321924;34.59027666;38.19062748;33.32707039;35.16540542;35.94672909;31.85175762;34.05559089;31.45453256;37.58569569
21.02.2020;Radius;10 - 20 Kilometer;16.4343888;19.62854671;15.64412387;18.02526905;16.65238211;12.96742335;17.78175823;15.08833452;13.93813892;19.9509726;17.69317984;14.10258303;12.39416223
21.02.2020;Radius;20 - 50 Kilometer;17.6125228;14.32715589;18.4253537;20.84082209;18.04643665;10.61521412;20.16716051;15.06037861;15.29232494;20.88109387;18.44107114;21.07807626;10.6211281
21.02.2020;Radius;50 - 100 Kilometer;7.194055576;5.507662781;7.611285134;9.900960483;7.088064537;3.442124612;7.341037931;7.047216687;7.417839562;6.878800623;7.58097278;11.01226234;2.023351481
21.02.2020;Radius;100++ Kilometer;2.979628869;5.411524729;2.377954786;6.236292711;2.120504622;1.759565146;3.765980714;2.194044563;2.992838422;2.961019954;2.440318464;7.893583157;1.31890141
22.02.2020;Distanz;weniger als 2 Km;14.16620474;15.13495975;13.92047305;10.10530318;14.08473321;20.81008673;13.23194338;15.1027935;14.23738649;14.06858024;12.71267092;11.21084776;23.69669884
22.02.2020;Distanz;2 - 10 Kilometer;19.70672431;18.46352466;20.02207085;14.94512295;19.86335303;26.37297982;20.21577524;19.19640525;22.4276262;15.97505623;19.02513944;16.23909773;25.93810155
22.02.2020;Distanz;10 - 20 Kilometer;15.1197168;15.06318436;15.13405666;10.81609513;16.09125156;17.44513933;14.19095084;16.05079647;16.47583078;13.25983085;15.69935763;13.23232903;13.91463127
22.02.2020;Distanz;20 - 50 Kilometer;21.5274529;21.82652228;21.45159179;26.68977834;21.01063422;15.847;21.37927032;21.67600462;19.19234159;24.73001611;22.10054566;24.61604263;16.14156989
22.02.2020;Distanz;50 - 100 Kilometer;15.51842273;16.81814367;15.18873915;18.58577895;15.77429834;9.633768905;15.19381486;15.84383924;14.08279928;17.4873545;16.20414686;17.57670208;10.46012614
22.02.2020;Distanz;100++ Kilometer;13.96147853;12.69366528;14.28306849;18.85792144;13.17572964;9.891025211;15.78824537;12.13016092;13.58401566;14.47916207;14.25813949;17.12498077;9.848872311
22.02.2020;Radius;weniger als 500 Meter;12.9879128;14.8434094;12.51725273;9.499986109;13.17030337;17.56942814;13.0620333;12.91360765;12.88015479;13.13570098;11.80722546;11.25719681;20.16231772
22.02.2020;Radius;500 Meter - 2 Kilometer;14.12112482;13.41017997;14.30146111;10.69551879;13.26368309;23.24138696;14.55978497;13.6813719;16.35351669;11.05943948;12.69497847;11.42176054;23.30247292
22.02.2020;Radius;2 - 10 Kilometer;33.22873428;33.40537587;33.18392787;28.26802617;35.04092419;32.82314099;30.95234916;35.51079025;35.50079087;30.11264948;34.48701899;30.19348427;29.71377846
22.02.2020;Radius;10 - 20 Kilometer;13.95710915;14.40852066;13.84260537;18.3366717;13.62387113;8.668976428;15.18442185;12.72673901;10.75465636;18.34921562;14.51508548;17.75476389;8.044056396
22.02.2020;Radius;20 - 50 Kilometer;14.39152639;12.37282562;14.90358438;18.69800083;14.63167818;6.66050409;14.12266835;14.6610542;12.80062303;16.57342177;14.8551739;17.37920653;9.620295311
22.02.2020;Radius;50 - 100 Kilometer;7.599493777;8.075685768;7.478704248;9.343540555;6.997851426;7.583964795;8.363074434;6.834010918;7.541401555;7.679166215;8.089995571;7.167154562;5.593657719
22.02.2020;Radius;100++ Kilometer;3.714098779;3.484002709;3.772464304;5.158255846;3.271688613;3.452598602;3.755667929;3.672426073;4.168856704;3.090406454;3.550522122;4.82643339;3.563421471
23.02.2020;Distanz;weniger als 2 Km;23.62443401;23.97142664;23.53588273;13.63994969;25.45106607;30.7675029;21.27960549;25.9722779;21.60375206;26.3661;24.15652478;13.74234009;29.46427678
23.02.2020;Distanz;2 - 10 Kilometer;20.51854097;21.46140243;20.27792609;18.71393653;20.50099809;23.32989398;20.59315145;20.44383454;23.63861912;16.28521166;20.12994262;19.48970087;23.22844023
23.02.2020;Distanz;10 - 20 Kilometer;13.63503857;14.08045534;13.5213698;11.78930509;14.21821767;13.88200152;12.81117453;14.45996207;14.69530943;12.1964606;13.60101704;12.44126439;14.80585626
23.02.2020;Distanz;20 - 50 Kilometer;17.37705944;16.77974415;17.52949217;20.93490875;17.46131968;11.61716204;18.98714701;15.76490134;15.6621598;19.70383928;17.84689663;20.43760366;12.56404698
23.02.2020;Distanz;50 - 100 Kilometer;12.90425383;12.95931383;12.89020272;16.1958919;11.98103152;11.95308146;12.34882277;13.46039916;12.05272012;14.05961676;13.088991;13.68244372;11.37146093
23.02.2020;Distanz;100++ Kilometer;11.94067318;10.74765761;12.2451265;18.72600804;10.38736697;8.450358101;13.98009874;9.898624982;12.34743948;11.38877171;11.17662793;20.20664727;8.565918835
23.02.2020;Radius;weniger als 500 Meter;23.64292209;24.31107188;23.47241265;13.7238571;25.54650246;30.3503924;21.85217055;25.43597648;21.82158588;26.11411531;23.69313641;14.67217133;30.99313955
23.02.2020;Radius;500 Meter - 2 Kilometer;13.89536063;13.15326388;14.08474107;12.04509602;13.78803855;17.16847407;14.80462501;12.98492696;15.72325419;11.41527038;13.7545993;11.90047511;16.24911436
23.02.2020;Radius;2 - 10 Kilometer;27.57504364;28.06716623;27.44945571;26.12825585;28.33181651;26.45840009;26.6955504;28.45566788;29.63692083;24.77748384;28.11886716;25.23084319;26.98339367
23.02.2020;Radius;10 - 20 Kilometer;10.1825383;12.64404968;9.554369382;12.07191514;10.78387965;4.690007596;11.30347937;9.060155732;7.648772732;13.62035734;11.16249997;11.30863563;4.59081824
23.02.2020;Radius;20 - 50 Kilometer;13.74371769;11.00018878;14.44385647;17.97780733;12.03988587;14.77767331;13.10227298;14.38598728;13.02807676;14.71470097;12.60058085;17.41869076;16.0469211
23.02.2020;Radius;50 - 100 Kilometer;7.744714064;6.778204178;7.991363937;11.73607293;6.946498356;5.186601565;8.783108815;6.704983967;8.443777244;6.796223509;7.920495605;11.39211994;3.827383059
23.02.2020;Radius;100++ Kilometer;3.215703589;4.046055377;3.003800777;6.316995633;2.563378594;1.368450973;3.458792871;2.972301702;3.697612353;2.561848653;2.749820704;8.077064049;1.309230015
24.02.2020;Distanz;weniger als 2 Km;10.55088368;11.75464212;10.24483527;7.3259413;9.671511303;19.53767614;10.18180067;10.92041349;10.77813459;10.23592118;8.732197587;8.998038113;20.62472103
24.02.2020;Distanz;2 - 10 Kilometer;18.77760687;17.76880919;19.03408766;15.62274793;18.69073577;24.07738354;17.16736113;20.3898019;23.13667532;12.73607723;18.4249787;16.45498842;22.45054198
24.02.2020;Distanz;10 - 20 Kilometer;16.45082021;16.40917105;16.46140926;16.40576107;16.40464134;16.72940146;15.74881604;17.15367419;18.15673754;14.08647329;16.15444748;16.2259109;18.06851058
24.02.2020;Distanz;20 - 50 Kilometer;26.33914318;31.09425939;25.13018323;28.00545283;26.3546148;23.67724847;26.16216998;26.51633062;24.19564586;29.30996201;27.44560841;24.28209368;22.76393835
24.02.2020;Distanz;50 - 100 Kilometer;16.43841802;15.30519157;16.72653409;17.27073317;17.26678741;11.40376782;17.16040547;15.71555656;13.60672271;20.36305726;17.42775073;17.18044732;11.04578891
24.02.2020;Distanz;100++ Kilometer;11.44312804;7.667926666;12.40295048;15.3693637;11.61170938;4.574522562;13.57944671;9.304223241;10.12608398;13.26850903;11.8150171;16.85852157;5.046499139
24.02.2020;Radius;weniger als 500 Meter;9.851941809;10.09912593;9.78909672;6.45674179;9.646432704;16.06121193;10.13719925;9.566339053;9.88508814;9.806002052;8.597863817;7.607416667;17.79687838
24.02.2020;Radius;500 Meter - 2 Kilometer;13.30143155;12.72455412;13.4480992;11.46989605;11.70947282;23.33789288;11.81024089;14.79442738;15.92156949;9.67000405;11.92138904;11.80734163;21.21421275
24.02.2020;Radius;2 - 10 Kilometer;35.13403001;35.99874655;34.91418098;34.12379299;36.11434186;32.27958656;34.32395717;35.94508347;37.11873466;32.38329275;35.6754117;32.88881237;34.43849271
24.02.2020;Radius;10 - 20 Kilometer;17.75566866;21.56485184;16.78720654;19.47683088;17.86594003;14.58044415;17.90752525;17.60362824;15.07440937;21.4718084;18.74537319;15.68730616;14.75202545
24.02.2020;Radius;20 - 50 Kilometer;16.50378929;13.48023436;17.2725101;18.24554669;17.36004343;9.928553351;16.56004101;16.44746947;14.71004975;18.98985499;17.63675702;19.32304381;8.652806514
24.02.2020;Radius;50 - 100 Kilometer;5.428788685;3.485778414;5.922787465;7.372267053;5.400033101;2.535419259;6.593735299;4.262431842;5.415179542;5.447650521;5.505268225;8.801654753;2.191446074
24.02.2020;Radius;100++ Kilometer;2.024350005;2.646708794;1.866118993;2.854924548;1.903736052;1.27689188;2.66730114;1.380620546;1.874969047;2.231387242;1.917937;3.884424614;0.954138128
25.02.2020;Distanz;weniger als 2 Km;11.12785437;11.06166619;11.14466494;7.796540185;9.959586235;21.81028206;10.25774655;11.99848435;11.69863512;10.31985705;9.730162881;8.502478072;20.81641754
25.02.2020;Distanz;2 - 10 Kilometer;19.22707788;19.7128404;19.10370316;18.41249154;17.76059495;27.2957041;17.21486336;21.24049996;23.06869026;13.78889081;18.15486237;21.13936242;23.08575122
25.02.2020;Distanz;10 - 20 Kilometer;17.46414397;18.98386623;17.07816258;16.91550402;17.61622668;17.63158453;15.00911427;19.92064699;18.40044333;16.13871846;17.38440979;15.81479039;19.38177986
25.02.2020;Distanz;20 - 50 Kilometer;26.09404927;29.03230035;25.34778775;29.82060264;26.68265444;17.46333424;27.53197038;24.65526524;24.22350272;28.74199526;27.01387407;27.02043965;20.44739739
25.02.2020;Distanz;50 - 100 Kilometer;16.51929624;13.23028155;17.35464525;18.03435306;17.09003068;11.47887276;18.57433752;14.46302169;13.38700305;20.95337096;17.19590052;18.8944137;10.82413157
25.02.2020;Distanz;100++ Kilometer;9.56757827;7.97904528;9.97103632;9.020508555;10.89090702;4.320222294;11.41196792;7.722081764;9.221725529;10.05716746;10.52079036;8.628515758;5.444522404
25.02.2020;Radius;weniger als 500 Meter;10.45299716;8.756293007;10.88392868;6.490098159;9.769928859;19.89509838;9.810678461;11.09570132;10.53163266;10.34168073;9.509969212;6.622725705;18.86395258
25.02.2020;Radius;500 Meter - 2 Kilometer;13.56218643;12.99874836;13.7052893;13.15240215;11.88777334;21.94958713;11.77410019;15.35134574;16.11253099;9.951918289;12.40511947;12.69085344;20.39763404
25.02.2020;Radius;2 - 10 Kilometer;35.20120609;37.10940688;34.71655831;33.90125187;35.39427866;36.370912;33.55679885;36.84660016;37.13165564;32.4684614;35.14356953;35.34034733;35.37554431
25.02.2020;Radius;10 - 20 Kilometer;17.1813573;20.51067358;16.33577244;20.90705222;17.95423628;7.700478095;18.67916228;15.68265347;14.12429646;21.5089331;18.19685603;18.89874522;10.31511202
25.02.2020;Radius;20 - 50 Kilometer;17.56236459;15.83801562;18.00031739;19.45270967;18.30184117;11.14693254;18.74355828;16.38046204;16.13528179;19.58254322;18.20882742;20.50473243;11.50828707
25.02.2020;Radius;50 - 100 Kilometer;4.862354536;3.573247616;5.189763894;5.440150006;5.323381456;1.815501644;5.866244005;3.857862614;4.872879338;4.847455626;5.070490115;5.401741021;3.284489992
25.02.2020;Radius;100++ Kilometer;1.1775339;1.213614938;1.168369983;0.65633594;1.368560238;1.12149021;1.569457937;0.785374662;1.091723127;1.299007643;1.465168227;0.54085485;0.254979983
26.02.2020;Distanz;weniger als 2 Km;14.58819574;12.22631208;15.18556702;9.451733629;12.51948126;31.81395178;12.63914538;16.53841576;14.21383849;15.10504647;12.04359915;11.10912653;30.27627549
26.02.2020;Distanz;2 - 10 Kilometer;19.30749121;20.48618028;19.00937534;18.36104948;19.5181203;19.82764047;16.55631448;22.06031898;23.37975075;13.68518696;18.27618792;20.24348341;23.58276944
26.02.2020;Distanz;10 - 20 Kilometer;16.02554431;15.03679678;16.27561987;17.53137905;15.62426928;15.49461651;16.68467228;15.36602077;18.34723919;12.82013098;15.66485374;19.10457212;15.07766677
26.02.2020;Distanz;20 - 50 Kilometer;23.17466093;28.61150962;21.79956472;24.67823553;24.06182674;16.86945659;22.56889843;23.78078696;21.4744363;25.52205065;25.14016911;21.96187997;14.51958384
26.02.2020;Distanz;50 - 100 Kilometer;16.57271331;14.73391175;17.03778586;18.88247446;17.21801079;10.10449976;18.08141337;15.06310786;13.13524329;21.31860491;17.77813799;16.8939314;10.31906567
26.02.2020;Distanz;100++ Kilometer;10.3313945;8.905289507;10.69208719;11.09512784;11.05829163;5.889834896;13.46955605;7.191349668;9.449491982;11.54898002;11.09705209;10.68700656;6.224638785
26.02.2020;Radius;weniger als 500 Meter;14.01749472;11.30900337;14.70253056;9.185914251;12.20249006;29.63371306;12.24206757;15.79398733;13.19562992;15.15219006;11.48982498;11.14122803;29.08655449
26.02.2020;Radius;500 Meter - 2 Kilometer;13.29211358;12.85723541;13.40210364;11.57574639;12.85466818;17.90993962;11.74616509;14.83898983;16.43295008;8.955764626;12.12494193;12.10603717;20.12423901
26.02.2020;Radius;2 - 10 Kilometer;33.46767054;33.93465261;33.34956071;35.41710642;34.06664808;27.76479546;32.32067221;34.6153572;35.96797069;30.01566852;34.39200688;37.34752257;25.44618147
26.02.2020;Radius;10 - 20 Kilometer;16.08949597;20.8287822;14.89082833;16.25091994;16.95421959;11.96198956;16.74240616;15.43619394;13.60893355;19.51424738;17.31245267;13.61024304;12.23549297
26.02.2020;Radius;20 - 50 Kilometer;16.70073709;14.84222742;17.17079424;20.24798705;17.05905465;9.604342192;18.59616778;14.80416891;13.59372599;20.99038551;17.92962824;18.27614724;9.217341044
26.02.2020;Radius;50 - 100 Kilometer;5.009788348;4.687400688;5.091327136;6.30238125;5.402411514;1.248775951;6.407763971;3.610973773;5.495350859;4.339403729;5.343928203;6.403187408;2.118197846
26.02.2020;Radius;100++ Kilometer;1.422699761;1.540698297;1.392855388;1.019944699;1.460507921;1.876444148;1.944757213;0.900329011;1.705438915;1.032340175;1.407217091;1.11563454;1.771993168
27.02.2020;Distanz;weniger als 2 Km;11.66621077;10.97215171;11.84135242;8.106855369;11.04083172;20.15426468;9.439499001;13.89425883;11.43184885;11.98781724;10.04480343;9.97746171;21.37566975
27.02.2020;Distanz;2 - 10 Kilometer;19.85408886;16.88386909;20.60360607;17.64915351;19.53040891;24.81960502;17.63125858;22.07825309;24.14701974;13.96305349;19.25680745;18.34722098;24.22307031
27.02.2020;Distanz;10 - 20 Kilometer;15.56369032;15.50444421;15.57864073;16.1174089;14.95915776;17.46591999;15.37248524;15.75501015;16.1357012;14.77874028;15.0085141;17.7257935;16.43437893
27.02.2020;Distanz;20 - 50 Kilometer;25.3751529;32.46642657;23.58571234;26.83754509;25.36435182;23.11721333;26.26487496;24.4848969;23.73106575;27.63127484;26.33008817;24.62642548;21.21780294
27.02.2020;Distanz;50 - 100 Kilometer;16.17200121;14.33936754;16.63445537;17.18086715;17.36773464;9.089403933;17.20727206;15.13610907;13.57272052;19.73890105;17.05293563;16.22155471;11.67394251
27.02.2020;Distanz;100++ Kilometer;11.36885595;9.833740868;11.75623307;14.10816998;11.73751515;5.353593055;14.08461015;8.651471968;10.98164395;11.90021311;12.30685121;13.10154362;5.075135554
27.02.2020;Radius;weniger als 500 Meter;11.5360977;9.212208151;12.12251735;8.640413039;10.39290318;21.35468941;9.729686103;13.34359336;10.88723134;12.42651378;9.652371496;9.607353902;22.78665209
27.02.2020;Radius;500 Meter - 2 Kilometer;12.56864517;11.79097769;12.76488492;10.39659801;12.69159763;15.43137521;11.70424934;13.43355974;15.06797421;9.1389054;12.43841552;10.62423694;14.96818289
27.02.2020;Radius;2 - 10 Kilometer;34.6561552;34.01828142;34.81711884;36.53442944;32.97894478;39.39397197;33.6438504;35.66906751;37.20793977;31.15443258;33.61265407;37.78935499;37.12605756
27.02.2020;Radius;10 - 20 Kilometer;17.14020743;24.42170348;15.30276539;16.95208991;18.59372992;10.76261211;18.12702764;16.15279501;14.4927738;20.77318583;18.81936195;13.79984633;11.64217684
27.02.2020;Radius;20 - 50 Kilometer;16.82405652;13.45870297;17.67328339;20.02705878;17.5664056;8.361184475;18.23848771;15.4087765;14.9739118;19.36294389;17.63534453;20.191099;9.707419416
27.02.2020;Radius;50 - 100 Kilometer;5.411147932;4.100213123;5.741954502;5.810754282;5.601372929;3.907107188;6.262009658;4.559775587;5.567015673;5.197256211;5.68742827;6.444653152;3.088909898
27.02.2020;Radius;100++ Kilometer;1.863690047;2.99791317;1.577475616;1.638656538;2.17504596;0.789059636;2.294689152;1.432432291;1.803153406;1.946762312;2.154424171;1.543455688;0.68060131
28.02.2020;Distanz;weniger als 2 Km;9.688429648;7.732685825;10.16781674;7.170243117;9.82231534;12.97233105;8.751014824;10.62640703;10.37006565;8.750510431;8.971641066;7.167187263;15.42795653
28.02.2020;Distanz;2 - 10 Kilometer;18.2005083;18.30422133;18.17508642;12.83036719;18.53497385;24.98515167;15.6343481;20.7682085;21.76669597;13.29349644;17.42014978;14.4275741;25.34921988
28.02.2020;Distanz;10 - 20 Kilometer;14.51299707;15.47539912;14.27709546;13.71770615;14.1811633;17.2194973;13.47059798;15.55602173;16.83285714;11.3209102;13.75201038;15.76154552;17.16960509
28.02.2020;Distanz;20 - 50 Kilometer;26.39624979;29.11145599;25.73070516;26.31643131;26.80751869;24.6841164;27.69488657;25.09683368;23.65226213;30.17192883;28.29869538;21.81759773;21.03078205
28.02.2020;Distanz;50 - 100 Kilometer;17.79732799;14.93551986;18.49880733;21.15904758;18.50936927;9.438589628;18.9250375;16.66894171;14.44628664;22.40830227;18.6170584;20.72962238;11.19064669
28.02.2020;Distanz;100++ Kilometer;13.4044872;14.44071787;13.1504889;18.80620465;12.14465955;10.70031395;15.52411502;11.28358734;12.93183248;14.05485182;12.940445;20.09647301;9.831789754
28.02.2020;Radius;weniger als 500 Meter;9.192460127;7.204944763;9.679634983;7.366756306;9.131496923;12.27847828;8.298565296;10.0868914;9.631320391;8.58859608;8.461149799;7.278362201;14.47194751
28.02.2020;Radius;500 Meter - 2 Kilometer;13.26748402;12.23925717;13.51952045;8.832316363;13.75432774;17.93109664;12.21851384;14.31708371;16.19628125;9.237510252;12.67557445;9.4196626;19.55317359
28.02.2020;Radius;2 - 10 Kilometer;33.9461406;35.69129596;33.51837243;30.75797125;33.52971034;40.71831118;33.27175399;34.62093193;36.60996859;30.28075989;33.45999309;32.321851;37.76383019
28.02.2020;Radius;10 - 20 Kilometer;15.91102961;19.38208935;15.06021202;17.09864365;16.79603756;10.13146801;15.5456521;16.27662639;12.17122505;21.05693526;17.66131295;13.26117006;9.606559873
28.02.2020;Radius;20 - 50 Kilometer;17.93278898;13.57172115;19.00176316;19.68130079;18.94510551;10.72063119;19.71172244;16.15278796;15.10773431;21.8200148;18.91954272;18.93867465;12.18979384
28.02.2020;Radius;50 - 100 Kilometer;6.598871983;5.813656266;6.79134212;9.930175224;5.56185735;6.091630518;6.807655627;6.389963044;6.829585708;6.281413932;6.04616247;11.85202172;4.722885151
28.02.2020;Radius;100++ Kilometer;3.151224675;6.097035336;2.429154843;6.332836407;2.281464581;2.128384188;4.146136714;2.155715569;3.453884692;2.734769785;2.77626451;6.928257774;1.691809852
29.02.2020;Distanz;weniger als 2 Km;14.29624664;11.71636146;14.93270721;9.019832436;13.95619647;23.99265245;13.45470269;15.13769738;13.58371522;15.25643473;13.16260127;7.883821096;25.59653091
29.02.2020;Distanz;2 - 10 Kilometer;20.54390641;19.3538812;20.83748697;14.23586013;21.72037743;25.02906552;19.50738176;21.58031625;23.41465024;16.6753695;20.99486468;14.23309834;23.82783689
29.02.2020;Distanz;10 - 20 Kilometer;15.82781095;16.49221713;15.6639012;13.95207858;16.52502924;15.60186464;14.86334476;16.79217031;16.98107297;14.27370618;15.70326919;16.21908046;16.10737131
29.02.2020;Distanz;20 - 50 Kilometer;23.44133434;23.16076773;23.51055043;29.21841603;23.03426742;16.32397717;25.99501253;20.88793897;21.72394474;25.75564219;23.56999439;30.45665155;16.63935276
29.02.2020;Distanz;50 - 100 Kilometer;14.57882041;17.02692492;13.97487027;19.29479779;13.66164903;11.39458434;14.74626109;14.41139827;13.27250397;16.33917718;14.66998147;18.01451962;11.10677352
29.02.2020;Distanz;100++ Kilometer;11.31188127;12.24984757;11.08048392;14.27901503;11.10248041;7.65785589;11.43329717;11.19047881;11.02411285;11.69967021;11.89928901;13.19282895;6.72213462
29.02.2020;Radius;weniger als 500 Meter;14.34658194;10.85080232;15.20899471;9.210707435;13.95621794;24.05127253;13.97940734;14.71371588;13.70746684;15.2078362;13.21885893;7.585385331;25.92340519
29.02.2020;Radius;500 Meter - 2 Kilometer;14.68209698;15.48828572;14.48320932;10.30327032;15.25372775;18.89564541;13.8533903;15.51071189;16.73537608;11.9151535;14.90648287;9.799091931;17.8460935
29.02.2020;Radius;2 - 10 Kilometer;33.10021018;30.2674921;33.79904492;32.20583599;34.45314211;28.41089072;32.7718483;33.42853569;34.57648028;31.11082844;33.50185839;36.57554913;28.04012054
29.02.2020;Radius;10 - 20 Kilometer;14.06156197;18.09101559;13.06749122;16.13114675;14.22861985;10.10710495;16.03770888;12.08563392;11.76069368;17.16214997;14.3722449;15.74642201;11.02829499
29.02.2020;Radius;20 - 50 Kilometer;15.0384591;15.5241952;14.91862745;21.1207223;13.62952393;11.94656095;15.47620809;14.60075859;13.78391456;16.72904945;14.68499202;20.32072373;12.16971793
29.02.2020;Radius;50 - 100 Kilometer;6.220320498;5.808988688;6.321796519;8.134456828;5.589507616;6.088670567;5.914447518;6.526159601;6.811334104;5.423886516;6.363460225;7.660903036;4.239643618
29.02.2020;Radius;100++ Kilometer;2.550769335;3.969220383;2.200835863;2.893860377;2.889260808;0.499854881;1.966989581;3.134484433;2.624734454;2.451095937;2.95210267;2.311924821;0.75272423
01.03.2020;Distanz;weniger als 2 Km;24.9049868;23.37648024;25.28704273;16.38363707;26.2753411;32.01148415;23.35009813;26.46080858;25.76908128;23.72439596;24.21093479;16.05316026;36.20343562
01.03.2020;Distanz;2 - 10 Kilometer;22.08462897;18.66315212;22.93983992;17.39083339;22.9286574;25.59354207;20.44955769;23.72068148;23.2942343;20.43197524;22.34645355;18.5356844;23.92679183
01.03.2020;Distanz;10 - 20 Kilometer;12.63227803;12.47615098;12.67130257;12.85114823;12.75908904;11.71318051;12.65988057;12.60465893;12.67050664;12.58004723;13.07372593;12.39055533;10.64967361
01.03.2020;Distanz;20 - 50 Kilometer;16.78592432;17.21889267;16.67770226;20.45633572;16.34723118;13.03586434;17.67608735;15.89522709;14.85723664;19.42104239;17.18756735;20.25958543;11.70879818
01.03.2020;Distanz;50 - 100 Kilometer;11.60980022;12.62111295;11.35701882;15.93385755;10.27934086;10.89111215;11.08498325;12.13493214;11.10200761;12.30358465;10.91629419;15.27383599;11.81386204
01.03.2020;Distanz;100++ Kilometer;11.98238167;15.64421103;11.0670937;16.98418804;11.41034042;6.754816772;14.77939301;9.183691782;12.30693353;11.53895452;12.2650242;17.4871786;5.697438717
01.03.2020;Radius;weniger als 500 Meter;23.78336962;21.42408376;24.37308196;15.55614773;25.13934503;30.49490022;21.9747762;25.59304841;23.99495939;23.49427977;23.0726064;14.83775282;35.24809789
01.03.2020;Radius;500 Meter - 2 Kilometer;16.44859358;16.09826797;16.53615878;13.43257324;17.0539053;18.4169373;15.66453599;17.23312169;17.40877755;15.13671807;16.89837008;12.98350814;17.28111581
01.03.2020;Radius;2 - 10 Kilometer;25.85288392;23.1459373;26.52949537;24.48729682;26.39062163;25.54535494;25.75821064;25.94761401;26.56341411;24.88210416;26.70723345;24.78944262;22.54373024
01.03.2020;Radius;10 - 20 Kilometer;11.33105256;13.12114043;10.88361339;14.15128333;10.95902946;8.608498157;11.89117127;10.77059771;9.24276163;14.18423258;11.44950999;14.28083174;8.127440093
01.03.2020;Radius;20 - 50 Kilometer;11.99440675;11.84126295;12.03268561;15.17254793;11.06016573;11.26779678;12.01471819;11.97408312;11.30201973;12.94039793;11.29505058;16.21859727;11.73116696
01.03.2020;Radius;50 - 100 Kilometer;7.289262069;8.806552325;6.910009685;10.60301154;6.807666648;4.292468585;8.090818666;6.487224442;7.87748028;6.485594141;7.472300312;10.46838501;3.561023149
01.03.2020;Radius;100++ Kilometer;3.300431512;5.562755265;2.734955214;6.597139419;2.589266201;1.374044011;4.605769046;1.994310619;3.610587308;2.876673353;3.104929178;6.421482399;1.507425862
02.03.2020;Distanz;weniger als 2 Km;12.71482039;11.94268981;12.9081228;8.722849652;11.72000679;23.55864994;12.23426508;13.19566409;13.45056568;11.67886338;11.1783059;8.302972807;24.14368669
02.03.2020;Distanz;2 - 10 Kilometer;19.64986351;19.6132445;19.65903105;17.22012105;19.31789417;24.99701176;15.92313107;23.37883244;23.84522862;13.74263176;18.56946114;19.22093116;25.35118884
02.03.2020;Distanz;10 - 20 Kilometer;15.62133872;15.07723338;15.75755515;15.77001201;15.39841832;16.4083878;14.62630123;16.61697335;17.22777402;13.35941744;15.23958535;18.26574237;15.19379874
02.03.2020;Distanz;20 - 50 Kilometer;26.02359431;29.55937614;25.13841353;29.11606368;26.3999654;19.42936575;26.8385574;25.20814213;23.44505936;29.65426841;27.00965016;26.26703076;20.94944046
02.03.2020;Distanz;50 - 100 Kilometer;16.68760009;16.19177896;16.81172861;18.83916577;17.51917124;9.48988901;18.35650045;15.01769819;13.29961109;21.45801594;18.11126798;17.68710333;8.795528768
02.03.2020;Distanz;100++ Kilometer;9.30278298;7.615677212;9.725148855;10.33178785;9.644544073;6.116695744;12.02124476;6.582689792;8.731761219;10.10680308;9.891729474;10.25621957;5.566356499
02.03.2020;Radius;weniger als 500 Meter;11.72824129;11.4431975;11.79960182;8.996841046;10.95998051;19.54906972;11.34982377;12.10688591;11.7508284;11.69643779;10.40307229;7.935644562;21.57424569
02.03.2020;Radius;500 Meter - 2 Kilometer;13.75941287;11.44129725;14.33975166;10.72125857;13.17469994;21.22250473;11.97597252;15.54392349;16.79446593;9.485944084;12.40539824;12.86750146;21.21410072
02.03.2020;Radius;2 - 10 Kilometer;34.725736;34.73475995;34.72347686;33.94298297;34.58873871;36.58601038;32.38929937;37.06357477;38.02435327;30.08115892;34.70009318;34.28454443;35.23751038
02.03.2020;Radius;10 - 20 Kilometer;17.37294492;22.36658389;16.12279052;20.06386325;18.03007427;10.12495408;18.40396971;16.3413014;13.98294162;22.14619698;18.68273157;17.81136879;10.53240105
02.03.2020;Radius;20 - 50 Kilometer;16.26052907;14.40618959;16.7247618;19.39975891;17.10358876;7.454791663;18.09403947;14.42591835;12.81825484;21.10738055;17.58680511;19.17836206;7.173107931
02.03.2020;Radius;50 - 100 Kilometer;4.654451332;3.979111926;4.82352213;5.922197248;4.682745032;2.528361964;5.795286693;3.512931332;5.085488691;4.04753453;4.77582775;6.602600821;2.354467667
02.03.2020;Radius;100++ Kilometer;1.498684518;1.628859892;1.466095194;0.953098004;1.460172775;2.534307456;1.991608468;1.005464753;1.543667247;1.435347144;1.446071862;1.319977881;1.914166565
03.03.2020;Distanz;weniger als 2 Km;10.96819656;10.83611627;11.00128453;6.786596664;10.88360838;17.90081563;9.70690633;12.23024373;10.89141674;11.0750151;10.3545724;8.118910645;16.34509842
03.03.2020;Distanz;2 - 10 Kilometer;19.443411;18.59800024;19.65519825;17.79588366;18.43963817;26.58955028;15.84813711;23.04084249;23.80360969;13.37736331;17.32100803;20.45462657;28.79307482
03.03.2020;Distanz;10 - 20 Kilometer;17.20963885;18.51233343;16.88329558;17.15962246;17.42112368;16.32587636;16.67486727;17.74473135;19.58251904;13.90841213;17.29398292;18.94820202;15.32425115
03.03.2020;Distanz;20 - 50 Kilometer;25.63491554;29.10345281;24.76599829;28.23561862;25.3107488;23.03726153;26.71188449;24.55730027;22.92159975;29.40976712;27.08276394;23.01572103;20.89883789
03.03.2020;Distanz;50 - 100 Kilometer;16.7320341;15.69823888;16.9910143;19.16466428;17.22927545;10.66083107;18.39292497;15.0701465;13.96639779;20.57967567;17.02551161;19.76211149;12.74140099
03.03.2020;Distanz;100++ Kilometer;10.01180396;7.251858371;10.70320904;10.85761431;10.71560551;5.485665122;12.66527984;7.35673567;8.834456979;11.64976667;10.92216111;9.700428253;5.897336738
03.03.2020;Radius;weniger als 500 Meter;10.69358028;9.826809945;10.91071841;7.026505758;10.72276481;16.30295126;9.448780646;11.93912695;10.18336433;11.40340902;10.48231743;7.073897887;14.79049508
03.03.2020;Radius;500 Meter - 2 Kilometer;12.53723095;10.91598199;12.94337656;10.75750468;11.73838993;18.95810526;11.08326919;13.99206527;15.13323009;8.925594035;11.15858027;12.15956465;19.49094516
03.03.2020;Radius;2 - 10 Kilometer;35.59359283;37.3512406;35.15327741;35.9771665;35.15601875;36.98356957;33.51973921;37.668691;39.63866225;29.96596305;34.56069651;39.51496447;37.22521541
03.03.2020;Radius;10 - 20 Kilometer;17.22943624;22.40492788;15.93290298;18.73721678;17.52757968;13.51215208;18.96827833;15.48955063;13.93347272;21.81488596;18.81077405;13.7459776;12.58672511
03.03.2020;Radius;20 - 50 Kilometer;17.72514887;14.89478217;18.43419543;21.1863686;18.2716716;9.819125859;19.6003534;15.84881899;14.81771618;21.77006208;18.38965701;21.22054224;11.5535785
03.03.2020;Radius;50 - 100 Kilometer;5.364505684;3.75936637;5.766615598;5.966350255;5.757114656;2.636053037;6.284487531;4.443971737;5.460645864;5.230752394;5.734247533;5.684033151;3.313844082
03.03.2020;Radius;100++ Kilometer;0.856505149;0.846891046;0.858913617;0.348887431;0.826460581;1.788042938;1.095091698;0.61777542;0.832908571;0.889333462;0.863727208;0.601020008;1.03919666
04.03.2020;Distanz;weniger als 2 Km;9.821438433;9.092520454;10.00494784;8.352359852;9.736046386;12.52177296;10.22326677;9.419368951;9.137525093;10.78038985;9.049922821;9.874978194;13.6020906
04.03.2020;Distanz;2 - 10 Kilometer;19.39232798;21.77925103;18.79140601;18.14835344;18.01563616;27.64275889;15.25493968;23.53219921;25.25364926;11.17385638;17.68194783;20.79347078;26.64570412
04.03.2020;Distanz;10 - 20 Kilometer;15.53394098;16.08072756;15.39628424;14.56159438;15.76861561;15.98983981;14.86295133;16.20533331;17.42725643;12.87922228;15.05300156;16.73763243;16.86132576
04.03.2020;Distanz;20 - 50 Kilometer;27.07997784;29.33859264;26.51135823;27.79357904;27.80863107;22.62642129;27.68218672;26.47740756;24.28562439;30.99809004;29.00480584;22.91312657;21.19525139
04.03.2020;Distanz;50 - 100 Kilometer;16.94004607;17.33512703;16.84058211;20.15506537;17.43062959;9.641875853;17.70275574;16.17687869;13.71055742;21.46828459;18.18420638;17.70223603;10.09696748
04.03.2020;Distanz;100++ Kilometer;11.23226869;6.373781282;12.45542158;10.98904791;11.24044119;11.57733119;14.27389977;8.188812274;10.18538741;12.70015685;11.02611557;11.978556;11.59866064
04.03.2020;Radius;weniger als 500 Meter;9.932885051;9.327547716;10.0852823;8.393774773;9.756432266;13.15967898;9.698925397;10.16698511;8.94786245;11.31403785;9.20114502;9.660281389;13.80305893
04.03.2020;Radius;500 Meter - 2 Kilometer;12.82394384;11.44888487;13.17012305;10.83869166;11.87085894;20.30312184;10.79880763;14.85029538;17.26274521;6.600063392;11.43885593;11.5622081;20.80558935
04.03.2020;Radius;2 - 10 Kilometer;35.41418263;36.24510202;35.20499377;36.17125865;34.77332877;37.1538844;33.07297827;37.756792;38.08647469;31.66721922;34.58963516;39.72848984;35.71035874
04.03.2020;Radius;10 - 20 Kilometer;17.33702308;24.04757573;15.64760184;17.80922222;18.36650794;11.8875827;18.587925;16.08537047;14.37514279;21.49003361;18.92631744;13.98201437;12.40292845
04.03.2020;Radius;20 - 50 Kilometer;17.20833741;15.35271395;17.67550157;19.47181721;18.30825423;8.62034765;19.4856855;14.92962263;14.21719111;21.40238337;18.99978246;16.61004389;8.846620476
04.03.2020;Radius;50 - 100 Kilometer;5.703729052;2.613509956;6.48170995;6.031423836;5.592804059;5.695645361;6.675453955;4.731420997;5.290070967;6.283741144;5.431590789;6.580629908;6.282613099
04.03.2020;Radius;100++ Kilometer;1.579898934;0.964665747;1.734787521;1.283811654;1.331813786;3.179739071;1.680224241;1.479513421;1.820512779;1.242521412;1.4126732;1.876332506;2.148830951
05.03.2020;Distanz;weniger als 2 Km;11.93214745;12.05154492;11.9020561;8.783734548;10.90474402;21.51055213;10.9724055;12.89246537;11.90278571;11.97231888;10.29224742;7.852893997;23.4796036
05.03.2020;Distanz;2 - 10 Kilometer;18.76669186;18.50886875;18.83167017;16.4823479;19.09218456;20.8587055;16.841199;20.69334025;23.45507641;12.35225293;18.55441333;18.14452887;20.34315665
05.03.2020;Distanz;10 - 20 Kilometer;15.69788786;16.56822863;15.47853874;16.53904043;15.17364086;16.76184294;15.21430121;16.18176472;18.1027503;12.40766216;15.16983765;19.67201628;14.82669752
05.03.2020;Distanz;20 - 50 Kilometer;26.60072974;30.46201406;25.62758298;28.68519438;26.50264454;23.78945208;27.16071879;26.04040464;23.83842184;30.37999639;27.12145844;26.90645029;23.79291676
05.03.2020;Distanz;50 - 100 Kilometer;16.17404843;14.91827319;16.49053733;15.96612892;17.6988884;9.582310217;16.28403235;16.06399851;13.35858829;20.02603562;17.78585953;14.2995434;9.931378734
05.03.2020;Distanz;100++ Kilometer;10.82849465;7.49107045;11.66961468;13.54355382;10.62789762;7.49713713;13.52734316;8.128026512;9.342377446;12.86173403;11.07618363;13.12456715;7.626246739
05.03.2020;Radius;weniger als 500 Meter;11.40254955;10.73555481;11.57065003;7.900058235;10.9423667;18.96120682;10.39978787;12.405913;11.17357236;11.71582594;10.15413326;7.03757448;21.28658135
05.03.2020;Radius;500 Meter - 2 Kilometer;13.65852517;12.63909424;13.91544899;12.00692776;12.81528078;20.06339664;13.05360165;14.26381173;16.47060638;9.811160912;12.67253957;12.07362667;19.84823502
05.03.2020;Radius;2 - 10 Kilometer;33.25533878;34.45944294;32.95187238;32.8334007;33.65228629;32.11393929;31.86020978;34.65130503;36.910992;28.25383687;33.02817319;38.65560018;29.67724807
05.03.2020;Radius;10 - 20 Kilometer;16.87931368;22.57983209;15.4426308;18.74599985;17.43538856;11.44102225;17.37150048;16.3868315;13.70160592;21.2269119;18.26845053;14.83785324;11.86876252
05.03.2020;Radius;20 - 50 Kilometer;17.82745944;14.84985068;18.57789637;21.01740636;18.36567533;10.40308323;19.61736476;16.03647997;14.57893876;22.27194076;18.94645353;19.5617375;10.85867948
05.03.2020;Radius;50 - 100 Kilometer;5.196156857;3.434355946;5.640177736;6.156372704;5.105650241;4.106714522;6.123951615;4.267805311;5.35205618;4.982862348;5.267423662;6.340907466;3.854595359
05.03.2020;Radius;100++ Kilometer;1.780656517;1.301869302;1.901323681;1.339834394;1.683352101;2.910637246;1.573583848;1.987853455;1.8122284;1.737461272;1.662826253;1.492700467;2.605898203
06.03.2020;Distanz;weniger als 2 Km;10.58008476;14.10706913;9.701033425;6.504828772;10.72071117;16.47415465;9.756584081;11.40407964;11.35019721;9.507486212;9.431278019;5.846759128;20.2300994
06.03.2020;Distanz;2 - 10 Kilometer;17.27695526;15.85576432;17.63116715;14.78858001;17.45542328;20.44066011;16.83311497;17.72106191;20.8771956;12.26260626;16.55051854;15.49576156;22.32815372
06.03.2020;Distanz;10 - 20 Kilometer;17.37297225;16.61054382;17.56299684;14.96143222;17.77239333;19.37454733;16.48276438;18.26371436;18.35095857;16.01085077;17.28555962;15.4638578;19.45043581
06.03.2020;Distanz;20 - 50 Kilometer;25.31559235;28.19508037;24.59792039;26.80927786;25.89882401;20.17164833;24.64775516;25.98383032;23.51498275;27.82344852;26.88132607;24.82448734;18.18343367
06.03.2020;Distanz;50 - 100 Kilometer;17.84214127;15.43594621;18.44185161;21.82070446;16.80509382;16.31702786;17.64199092;18.04241174;15.24212989;21.46338965;17.59761612;22.3001928;15.15665068
06.03.2020;Distanz;100++ Kilometer;11.6122541;9.795596154;12.06503059;15.11517669;11.34755438;7.221961721;14.63779049;8.584902028;10.66453598;12.93221859;12.25370163;16.06894137;4.651226731
06.03.2020;Radius;weniger als 500 Meter;9.303842968;11.16045508;8.841108465;5.084250395;9.517178979;15.08832321;8.473164815;10.13501963;9.635990814;8.841233515;8.194377279;4.759234387;18.60030448
06.03.2020;Radius;500 Meter - 2 Kilometer;12.91893179;11.5318991;13.26463022;11.46715977;12.82031967;15.71761247;12.95307848;12.8847646;16.02857092;8.587883198;12.5406991;11.35152103;16.10391414
06.03.2020;Radius;2 - 10 Kilometer;33.8831886;34.35804798;33.76483656;30.09630146;34.81313656;35.60338804;32.62662473;35.14050654;36.07193567;30.83474164;33.80198172;31.78857685;36.09155208
06.03.2020;Radius;10 - 20 Kilometer;17.40653865;21.55609346;16.37232037;19.86075263;17.18133575;14.51744908;16.59361305;18.21995211;14.67449139;21.21168419;18.19798679;17.45590981;13.54328987
06.03.2020;Radius;20 - 50 Kilometer;17.89632015;13.82076147;18.91209593;21.83757453;17.84028028;11.82021188;19.81706744;15.97442018;14.73239851;22.30297242;19.05334126;20.01707362;10.47217474
06.03.2020;Radius;50 - 100 Kilometer;6.287135756;5.164781947;6.566866687;8.168140071;5.711434769;5.967492032;6.400532331;6.17367113;6.504321184;5.984643859;6.074191349;10.09538965;4.012679594
06.03.2020;Radius;100++ Kilometer;2.304042091;2.407960974;2.278141768;3.48582114;2.116313992;1.285523287;3.135919152;1.471665804;2.352291509;2.236841183;2.1374225;4.532294645;1.176085109
07.03.2020;Distanz;weniger als 2 Km;15.03627465;14.87156889;15.07756592;10.38136641;14.68201538;23.71034264;12.85865974;17.21519638;16.02396058;13.64851528;13.3959298;11.0389027;26.19042388
07.03.2020;Distanz;2 - 10 Kilometer;21.0964182;23.23511855;20.56025202;19.02957177;20.19844707;28.21671223;20.56663161;21.62652273;25.0861991;15.49053113;19.47399299;18.38830331;31.08596364
07.03.2020;Distanz;10 - 20 Kilometer;14.6785332;15.23710256;14.53850143;12.90124597;15.1918609;15.1279088;15.92266322;13.43365656;15.23647331;13.8945931;14.99025272;15.69439349;12.34437473
07.03.2020;Distanz;20 - 50 Kilometer;22.93040175;23.76082233;22.72221764;24.10497527;23.88430029;16.9262664;24.39198902;21.46793735;21.02834788;25.60290419;24.38634795;25.70629844;13.67652017
07.03.2020;Distanz;50 - 100 Kilometer;15.44327126;14.56077196;15.66451137;19.68854289;15.31514282;9.523904083;15.25772124;15.62893264;12.96554825;18.92462419;16.31848065;17.07884504;9.90821307
07.03.2020;Distanz;100++ Kilometer;10.81510094;8.334615717;11.43695163;13.89429769;10.72823352;6.494865848;11.00233516;10.62775434;9.659470876;12.4388321;11.43499588;12.09325701;6.794504519
07.03.2020;Radius;weniger als 500 Meter;14.22438825;12.86140826;14.56608351;10.54855663;13.18543495;24.42468936;11.98371712;16.46640405;14.3961666;13.98302911;12.33600202;11.65733797;25.36176343
07.03.2020;Radius;500 Meter - 2 Kilometer;15.15301473;18.42045431;14.33387678;11.99425185;15.71867558;17.48169146;14.81087135;15.49536344;18.85866855;9.946343641;14.5228345;11.44093525;21.26014164
07.03.2020;Radius;2 - 10 Kilometer;32.95369976;32.60349294;33.04149562;32.57521486;32.93310519;33.62274451;35.14978827;30.75629333;34.11299382;31.32482043;32.97514549;35.83050351;30.44328756
07.03.2020;Radius;10 - 20 Kilometer;14.25986002;16.5673271;13.6813845;14.19881144;15.19908089;10.20797236;15.37150383;13.1475491;11.2325491;18.5134177;15.73094718;13.38220451;7.992505031
07.03.2020;Radius;20 - 50 Kilometer;14.68025957;12.72633868;15.17010207;18.71694816;14.6814104;8.508953512;13.61113268;15.75002807;12.91056207;17.16679319;15.5086532;16.81067101;8.953778823
07.03.2020;Radius;50 - 100 Kilometer;6.256534625;4.681685325;6.651344931;9.444056374;5.885158892;3.026472579;6.670994998;5.841825526;6.389417216;6.069826428;6.382041705;8.992973566;3.368317879
07.03.2020;Radius;100++ Kilometer;2.472243046;2.139293382;2.555712594;2.522160681;2.397134092;2.727476215;2.401991753;2.542536498;2.099642634;2.995769497;2.544375901;1.88537419;2.620205643
08.03.2020;Distanz;weniger als 2 Km;22.07128009;22.0453051;22.07783239;18.19809966;22.46328562;26.1899608;22.22533694;21.91713079;22.47709911;21.51426346;21.80116302;20.39720462;24.75172991
08.03.2020;Distanz;2 - 10 Kilometer;21.09445551;21.89607285;20.89224437;18.45807765;22.11361476;20.65028955;20.57801707;21.61120388;22.93170001;18.57270147;21.22536601;17.17346608;23.80454118
08.03.2020;Distanz;10 - 20 Kilometer;14.1246907;15.56640726;13.76101199;10.44638647;14.45144327;18.23268402;13.47021653;14.77955764;14.79193799;13.20884442;14.26836467;10.27250201;16.71684852
08.03.2020;Distanz;20 - 50 Kilometer;18.53476615;17.68272031;18.74969808;22.89715927;17.60339758;16.01043966;19.13803428;17.93113598;15.68680282;22.44380658;18.94640663;20.3310196;15.08950068
08.03.2020;Distanz;50 - 100 Kilometer;11.98414028;10.78036362;12.2877977;13.85261601;11.62380122;10.73639554;11.90495672;12.06337135;12.79382081;10.87279382;11.55046043;13.89256357;12.39384557
08.03.2020;Distanz;100++ Kilometer;12.19066727;12.02913086;12.23141547;16.14766095;11.74445755;8.180230423;12.68343846;11.69760036;11.31863925;13.38759026;12.20823924;17.93324412;7.243534152
08.03.2020;Radius;weniger als 500 Meter;21.94714056;23.10151912;21.655944;17.1215009;23.03849654;24.47583888;21.60520248;22.28928385;22.53741112;21.13695054;22.22959268;18.9731093;23.14685652
08.03.2020;Radius;500 Meter - 2 Kilometer;15.11180151;16.54464351;14.75036145;12.06465108;15.42804733;18.3182381;14.55795242;15.66598299;16.22825633;13.57938465;14.46329307;11.47618319;21.22218151
08.03.2020;Radius;2 - 10 Kilometer;28.11550556;25.28648498;28.8291372;26.80200125;27.98811779;30.63604509;28.46015463;27.77064966;28.60784352;27.43973527;28.85134114;23.54355225;28.55039363
08.03.2020;Radius;10 - 20 Kilometer;11.99783217;13.3989517;11.64439422;15.83056359;11.519566;8.312205215;13.09011126;10.90489758;9.661579719;15.20451156;12.20538203;15.27108079;8.25495043
08.03.2020;Radius;20 - 50 Kilometer;11.91069265;10.85522318;12.176939;13.03034831;11.74118727;10.9626055;11.60624067;12.21532735;12.057232;11.70955656;11.68427494;13.25394631;11.83070983
08.03.2020;Radius;50 - 100 Kilometer;7.63436718;6.167400311;8.004415379;10.09804932;7.403314918;4.935538563;6.736455974;8.53281724;7.692229406;7.554946992;7.626574516;12.2011126;3.801903885
08.03.2020;Radius;100++ Kilometer;3.282660361;4.645777189;2.938808747;5.052885546;2.881270156;2.359528647;3.943882582;2.621041328;3.215447907;3.374914429;2.939541626;5.281015558;3.1930042
09.03.2020;Distanz;weniger als 2 Km;13.68568938;13.82072275;13.65138818;9.581531665;12.30960059;26.14525305;12.20322818;15.16904024;14.67573966;12.28506473;10.79733881;10.47853874;30.17662078
09.03.2020;Distanz;2 - 10 Kilometer;19.67983217;21.56042877;19.20212266;16.59602737;19.55482143;24.98817864;16.96824064;22.39305098;23.83771776;13.79766914;19.20325422;17.63084257;23.69460219
09.03.2020;Distanz;10 - 20 Kilometer;16.41587529;15.78429786;16.57630871;16.62428541;15.59760896;19.74392556;14.86794726;17.96473226;18.24743155;13.82477165;16.07101139;17.8409274;16.84578681
09.03.2020;Distanz;20 - 50 Kilometer;24.66729863;30.49436154;23.187107;26.55558725;25.82024746;16.61657112;25.80164265;23.53227387;22.224746;28.12277916;26.42794075;23.34008389;17.40899877
09.03.2020;Distanz;50 - 100 Kilometer;16.40100414;11.76505226;17.57862952;20.46934271;16.64614636;9.040167818;18.23987367;14.56103107;12.05595673;22.54794508;17.3693387;20.28698825;8.479614002
09.03.2020;Distanz;100++ Kilometer;9.15030039;6.575136821;9.804443929;10.1732256;10.0715752;3.465903822;11.91906761;6.379871581;8.958408303;9.421770229;10.13111613;10.42261914;3.394377443
09.03.2020;Radius;weniger als 500 Meter;13.48746314;12.75805015;13.67274877;9.57556057;12.32253359;24.70916093;12.03836026;14.93743565;14.01448111;12.74189052;11.09972683;11.01464946;26.96823192
09.03.2020;Radius;500 Meter - 2 Kilometer;13.58511566;14.21173758;13.42594104;11.84272925;12.60330222;20.64787724;12.340895;14.830083;16.36398809;9.653843308;12.10637973;12.28463166;21.73722437
09.03.2020;Radius;2 - 10 Kilometer;33.77205733;34.46401794;33.59628536;32.6326015;34.14230647;33.87632628;31.21660562;36.32904261;37.08777995;29.08130271;34.233987;33.30456922;31.96927287
09.03.2020;Radius;10 - 20 Kilometer;17.56157934;21.67218832;16.51740166;19.93112256;17.93717728;12.23609744;19.05111283;16.07115195;13.55350823;23.23179972;19.32435897;15.1989414;11.17451884
09.03.2020;Radius;20 - 50 Kilometer;15.64328225;12.70356023;16.390031;20.12605126;16.52104624;4.822755794;18.07622862;13.20887583;12.51119758;20.07424414;17.0758625;20.55131082;4.640081707
09.03.2020;Radius;50 - 100 Kilometer;4.753228148;3.130155305;5.16552142;4.679265153;5.18603749;2.937026897;5.704011388;3.801874323;5.048525946;4.33547019;4.997082275;5.753177787;2.740223929
09.03.2020;Radius;100++ Kilometer;1.19727414;1.060290473;1.232070757;1.212669701;1.287596712;0.770755424;1.572786282;0.821536645;1.420519078;0.881449404;1.162602696;1.89271965;0.770446369
10.03.2020;Distanz;weniger als 2 Km;12.41311606;12.7739479;12.32276598;9.176972171;11.71213532;20.52547165;10.86304583;13.96411651;12.71280652;11.98509998;11.22242713;9.959538788;20.17049354
10.03.2020;Distanz;2 - 10 Kilometer;20.49262171;20.08809721;20.59391216;18.89402464;20.20732518;24.22802766;18.12748477;22.85917802;25.19101811;13.78240063;19.49932123;21.6793319;24.20078516
10.03.2020;Distanz;10 - 20 Kilometer;16.25117253;14.97500855;16.57071614;17.87798261;15.33720151;17.82107233;15.54761013;16.95515714;17.87171915;13.93671772;15.30866488;18.75143408;18.59536608
10.03.2020;Distanz;20 - 50 Kilometer;26.12950449;29.67545032;25.24162145;28.50057523;26.73095084;19.79390205;26.52769162;25.73107839;23.28009636;30.1990118;27.33167825;25.18684409;21.21978041
10.03.2020;Distanz;50 - 100 Kilometer;15.85352439;16.32143512;15.73636242;16.12832067;16.78635215;11.26969976;17.75970765;13.94619719;12.86537813;20.12117665;17.09994296;15.78820305;9.983725562
10.03.2020;Distanz;100++ Kilometer;8.860060831;6.166060891;9.534621855;9.422124678;9.226034995;6.361826546;11.17445999;6.544272751;8.078981738;9.975593228;9.537965535;8.634648094;5.829849244
10.03.2020;Radius;weniger als 500 Meter;12.06224039;12.26196842;12.01222972;9.509637131;10.93593865;21.01840445;10.48041007;13.64502;11.78178509;12.46278494;10.846481;9.58578996;19.95835201
10.03.2020;Radius;500 Meter - 2 Kilometer;13.67979567;10.5327682;14.46779201;12.90663952;13.00941815;17.86091117;12.87492423;14.48515013;16.49207615;9.663313844;12.67300276;14.3204413;17.91874301
10.03.2020;Radius;2 - 10 Kilometer;35.62573952;36.79172428;35.33378411;35.32450401;35.54156036;36.46529787;33.83644324;37.41610959;39.35052912;30.30601774;34.71399125;37.80710019;38.09621608
10.03.2020;Radius;10 - 20 Kilometer;17.11256374;21.6548273;15.97520887;18.52065869;18.17937365;10.18509016;18.25362022;15.97082249;13.69244548;21.99715579;18.88940782;14.83341003;10.61288994
10.03.2020;Radius;20 - 50 Kilometer;15.65717698;14.29496997;15.99826524;17.59011034;16.34279775;9.621196236;17.83592612;13.47712032;12.92171167;19.56395184;17.00381072;16.28758672;8.716406816
10.03.2020;Radius;50 - 100 Kilometer;4.793395722;2.629267157;5.335280212;4.677708226;5.284342441;2.781997579;5.570830039;4.015494852;4.573188303;5.107894615;5.071851914;5.04234994;3.256838802
10.03.2020;Radius;100++ Kilometer;1.069087971;1.834474669;0.877439847;1.470742086;0.706568993;2.067102545;1.147846072;0.990282605;1.188264185;0.898881229;0.80145453;2.123321865;1.440553343
11.03.2020;Distanz;weniger als 2 Km;10.24108302;8.882245807;10.58264079;6.28995281;10.09131507;16.91531769;8.578179624;11.90498436;10.60393903;9.721879697;9.587981632;5.518872484;17.20346781
11.03.2020;Distanz;2 - 10 Kilometer;19.79791158;20.83581487;19.53702387;17.24551915;19.44846901;25.22018676;17.74698974;21.85006422;23.33124447;14.742137;17.68527044;21.41047433;28.30653803
11.03.2020;Distanz;10 - 20 Kilometer;18.11482314;15.87729689;18.67724848;19.35037428;16.88001369;21.66153773;17.11616839;19.1140772;19.93011578;15.5173576;17.92369005;19.04534833;18.23353675
11.03.2020;Distanz;20 - 50 Kilometer;26.33768796;32.71264548;24.73527653;29.02027033;26.68049617;20.74635205;26.53412552;26.14113252;23.82379712;29.93476354;27.22569919;29.16688449;19.85120372
11.03.2020;Distanz;50 - 100 Kilometer;16.21568759;15.46717925;16.4038329;18.33084043;16.85852284;10.16945677;18.19435746;14.23583029;13.35458333;20.30958382;17.37223593;15.60467083;11.33220223
11.03.2020;Distanz;100++ Kilometer;9.292806705;6.224817707;10.06397744;9.763043;10.04118323;5.287148997;11.83017927;6.753911408;8.956320274;9.774278335;10.20512276;9.25374954;5.073051472
11.03.2020;Radius;weniger als 500 Meter;9.833185819;8.696017387;10.11902485;6.711604548;9.693541307;15.19987022;7.707267312;11.96038013;10.27442399;9.201827042;9.045179034;6.120834351;16.58638626
11.03.2020;Radius;500 Meter - 2 Kilometer;13.72501602;12.32278128;14.07748221;10.4629452;13.43511422;19.96610207;12.8173992;14.63317751;15.92644973;10.57502904;12.75370771;12.03293872;19.65618003
11.03.2020;Radius;2 - 10 Kilometer;36.27493863;34.48025898;36.72604991;36.90751459;34.79948896;41.7975259;35.55523695;36.99507223;39.11695448;32.20835564;34.80128778;39.71511742;40.28881702
11.03.2020;Radius;10 - 20 Kilometer;17.97153613;25.8204377;15.99863362;20.25881567;18.76395696;11.00568636;19.1253995;16.8169803;14.24650432;23.3016088;19.5896939;17.24375916;11.03344554
11.03.2020;Radius;20 - 50 Kilometer;16.64834399;14.97328204;17.06938811;20.03851913;17.20828145;9.025196053;18.72937301;14.56606609;13.92922899;20.53907064;17.91367672;17.89694095;9.714767266
11.03.2020;Radius;50 - 100 Kilometer;4.578284842;2.371861257;5.132892205;4.64471142;5.011401423;2.573266365;4.955791435;4.200551699;5.332632258;3.49890438;4.932484054;5.585201374;2.091901248
11.03.2020;Radius;100++ Kilometer;0.968694575;1.335361358;0.876529091;0.975889448;1.088215687;0.43235303;1.109532586;0.827772046;1.173806231;0.675204456;0.963970805;1.405208032;0.628502644
12.03.2020;Distanz;weniger als 2 Km;11.42930327;12.75207244;11.09652618;8.739067338;10.9737574;17.61018414;10.6961628;12.16288371;11.97501711;10.64597593;10.54359046;9.921628573;16.8792584
12.03.2020;Distanz;2 - 10 Kilometer;19.11276074;19.0426919;19.13038838;16.04067175;18.90149401;24.79199433;15.85683051;22.37064492;24.02560343;12.06077907;18.32415853;16.7608749;24.81321527
12.03.2020;Distanz;10 - 20 Kilometer;16.44431311;17.60234407;16.15298022;16.98565274;15.16464531;21.32157865;16.19093169;16.69784659;17.85503048;14.41934434;15.76919836;19.07251177;17.4252366
12.03.2020;Distanz;20 - 50 Kilometer;26.12501145;27.38988951;25.80679838;28.81399827;26.13313936;21.94312422;26.73631283;25.51334321;23.85323504;29.38595966;27.02231058;25.87828972;22.09410565
12.03.2020;Distanz;50 - 100 Kilometer;16.90991498;14.59568192;17.49212067;18.46158682;18.08154863;9.288070808;18.59460992;15.22420903;13.39283517;21.95839383;17.79033039;17.97550832;11.85634961
12.03.2020;Distanz;100++ Kilometer;9.978696445;8.61732016;10.32118616;10.95902309;10.74541529;5.045047847;11.92515225;8.031072533;8.898278768;11.52954717;10.55041168;10.39118672;6.931834472
12.03.2020;Radius;weniger als 500 Meter;10.91791026;11.7069623;10.71940363;8.182641454;10.73696248;15.94253867;10.15980113;11.67647434;11.56822988;9.984429915;10.02277352;9.831785436;16.05825546
12.03.2020;Radius;500 Meter - 2 Kilometer;14.09601269;12.71714731;14.44290224;12.53506066;13.39506112;19.63125593;12.38108691;15.81196763;17.24965403;9.569219894;13.39119411;10.70690152;20.272054
12.03.2020;Radius;2 - 10 Kilometer;34.56195125;34.92262408;34.4712146;33.04157018;33.13835777;43.2601873;32.65872786;36.46631681;37.86437205;29.82159779;33.13936824;37.94418202;38.43992843
12.03.2020;Radius;10 - 20 Kilometer;16.95627516;20.96140947;15.94867916;19.91766014;17.34764895;10.64379871;18.69734882;15.21415664;13.25191625;22.27357773;18.9850379;13.7226118;10.09035918
12.03.2020;Radius;20 - 50 Kilometer;17.23256509;13.92619065;18.06436982;19.93221626;18.83230372;5.93001882;18.70756851;15.75667649;14.03554586;21.82162329;18.36245545;20.40497157;9.230847701
12.03.2020;Radius;50 - 100 Kilometer;4.886425066;4.253888066;5.045556246;5.418909216;5.072925683;3.233041912;5.51770154;4.25476975;4.830767557;4.966316842;4.817433409;6.103430653;4.189948408
12.03.2020;Radius;100++ Kilometer;1.348860486;1.511778124;1.307874305;0.971942096;1.476740263;1.359158659;1.877765227;0.819638338;1.199514382;1.563234535;1.281737371;1.286116998;1.71860683
13.03.2020;Distanz;weniger als 2 Km;13.05330144;13.5846597;12.92066465;8.92983397;13.10834545;19.25059416;11.67489185;14.43253824;13.47339379;12.46516903;12.4626944;8.130573744;19.97644433
13.03.2020;Distanz;2 - 10 Kilometer;20.33628746;21.84172849;19.96050171;14.79121698;19.78381632;31.51503866;17.85683484;22.81722806;25.66073402;12.88202277;19.44188275;13.49719267;30.30239477
13.03.2020;Distanz;10 - 20 Kilometer;15.604249;14.04607047;15.993199;15.44436504;16.20261147;13.13708608;15.83252682;15.37583418;16.32787001;14.59117421;15.94449353;17.03246891;12.80044252
13.03.2020;Distanz;20 - 50 Kilometer;23.70870893;25.20594188;23.33497206;27.21992304;23.54586581;18.95821786;24.61323673;22.80363829;21.28568831;27.10095576;24.40002603;25.4656296;18.97533031
13.03.2020;Distanz;50 - 100 Kilometer;17.1569935;17.4225579;17.09070374;20.31509438;17.55209135;10.42501612;17.92951217;16.38401122;14.016656;21.5534893;17.70134821;21.30099668;11.10690006
13.03.2020;Distanz;100++ Kilometer;10.14045968;7.899041572;10.69995883;13.29956659;9.807269597;6.71404712;12.09299759;8.186750005;9.23565787;11.40718892;10.04955509;14.57313841;6.838488005
13.03.2020;Radius;weniger als 500 Meter;12.53348081;12.16557297;12.62531737;8.516663357;12.57375209;18.63110353;11.17587248;13.89190386;12.59713662;12.4443622;12.43323372;6.844832401;17.79233077
13.03.2020;Radius;500 Meter - 2 Kilometer;14.73973022;14.06140374;14.90905298;9.371116759;14.73120152;23.1725527;13.01803766;16.46245601;18.27525205;9.789973424;13.70832976;7.649067906;25.56255154
13.03.2020;Radius;2 - 10 Kilometer;32.74506557;32.41549397;32.82733269;31.35333181;33.03009971;33.62677731;32.45801255;33.03229085;35.31305056;29.14986752;33.06134147;33.98143833;30.2155466
13.03.2020;Radius;10 - 20 Kilometer;16.19950947;20.07826254;15.23130141;20.07783527;15.98045422;11.13027897;17.90817612;14.48981741;12.35615657;21.58023206;16.53010616;17.93202105;13.18507505
13.03.2020;Radius;20 - 50 Kilometer;16.64237036;14.76919115;17.10995032;20.62813343;17.15267383;8.093156164;17.41562879;15.86864788;13.97248025;20.38023633;17.72030656;20.85580594;8.021553192
13.03.2020;Radius;50 - 100 Kilometer;5.545930993;3.561130058;6.041373789;7.096902771;5.159468948;4.875824323;5.73995532;5.351790228;5.650735084;5.399204489;5.22906547;8.55833794;4.502988451
13.03.2020;Radius;100++ Kilometer;1.593912579;2.948945563;1.255671439;2.956016604;1.372349679;0.470307008;2.284317081;0.903093751;1.83518887;1.256123981;1.317616871;4.178496446;0.719954403
14.03.2020;Distanz;weniger als 2 Km;18.92917151;18.69599444;18.98819487;16.0148149;18.41753184;25.47898256;17.06578696;20.79367431;20.11958063;17.29271028;17.25188399;17.25354219;27.66190345
14.03.2020;Distanz;2 - 10 Kilometer;24.60300183;31.77479575;22.78762875;17.35871582;24.49882996;35.87095521;23.36965928;25.83708454;27.72365708;20.31302183;23.25081751;20.51644911;33.83386562
14.03.2020;Distanz;10 - 20 Kilometer;16.52022642;14.42308673;17.05106863;15.63745001;16.60305567;17.48320002;16.44614199;16.59435531;17.19793704;15.58857432;17.16329426;15.62970274;14.39971889
14.03.2020;Distanz;20 - 50 Kilometer;20.09134701;19.12419405;20.33615932;26.35699973;20.49836652;8.984921354;21.90191859;18.27968887;17.20999761;24.05235209;20.82482276;26.03825942;12.09700251
14.03.2020;Distanz;50 - 100 Kilometer;12.21448324;8.720396288;13.09893021;13.51852777;12.52534397;8.931999431;12.13703179;12.29198118;10.14552486;15.05869044;13.23273634;11.09517654;8.623952673
14.03.2020;Distanz;100++ Kilometer;7.641769986;7.261532727;7.738018218;11.11349176;7.456872041;3.249941423;9.079461396;6.203215789;7.603302778;7.694651045;8.276445139;9.466870004;3.383556854
14.03.2020;Radius;weniger als 500 Meter;18.29561864;17.73831085;18.43668817;16.22704855;17.58974047;24.41603154;16.82809957;19.76401841;18.99400244;17.33554703;16.60302929;17.7637557;26.17984239
14.03.2020;Radius;500 Meter - 2 Kilometer;17.64920062;20.36100179;16.96277113;12.01563979;16.98298275;28.92431953;16.74428582;18.55465848;20.42885164;13.82800079;16.54681222;12.12401095;26.93142093
14.03.2020;Radius;2 - 10 Kilometer;34.07922444;34.91681591;33.86720761;32.78329046;35.59118082;29.5235172;34.54395029;33.61421969;34.5427517;33.44201125;35.04780888;35.31947091;28.81801199
14.03.2020;Radius;10 - 20 Kilometer;12.89886733;13.52935272;12.7392746;15.63368576;13.43867507;6.496293595;14.64937352;11.14731063;9.641778914;17.37640268;14.11200635;14.13419723;6.563975428
14.03.2020;Radius;20 - 50 Kilometer;11.45020048;8.14515186;12.28679678;15.89635505;11.00909828;6.702859875;10.91626223;11.98445915;10.09579438;13.31210915;11.6777604;14.57010392;7.949032656
14.03.2020;Radius;50 - 100 Kilometer;4.044886304;3.53302197;4.174452874;6.186238972;3.748017632;2.120948665;4.492212153;3.597292006;4.365912638;3.603569836;4.229402077;5.390962935;2.15388125
14.03.2020;Radius;100++ Kilometer;1.582002187;1.776344895;1.532808843;1.257741414;1.640304975;1.816029592;1.825816415;1.33804164;1.930908289;1.102359263;1.78318078;0.697498345;1.403835354
15.03.2020;Distanz;weniger als 2 Km;26.52090278;26.58672194;26.50415202;22.09059875;26.92384406;31.56017758;25.71354085;27.32874923;28.80091961;23.38759562;25.84556203;22.53994046;32.87720117
15.03.2020;Distanz;2 - 10 Kilometer;24.95728951;25.19557069;24.89664772;21.09696297;25.43921535;28.76312162;24.03589803;25.87923393;26.08229349;23.41125574;25.3343808;18.7213756;28.41790057
15.03.2020;Distanz;10 - 20 Kilometer;15.07417952;13.3255789;15.51919276;14.91023772;14.44117191;18.15849633;14.38140035;15.76737445;14.26802401;16.18203663;15.0355017;13.81046468;16.29651562
15.03.2020;Distanz;20 - 50 Kilometer;17.47823296;18.05733866;17.33085242;19.54573195;18.06645721;11.6546654;18.37913991;16.57678535;15.43210711;20.29011605;18.82184127;18.90337263;10.21469454
15.03.2020;Distanz;50 - 100 Kilometer;8.812652039;8.39303762;8.91944256;12.56730119;7.960979117;6.823719468;9.958280012;7.666336552;8.514039458;9.223019597;8.210827151;14.90867024;6.485343226
15.03.2020;Distanz;100++ Kilometer;7.156743186;8.441752196;6.829712524;9.789167422;7.168332351;3.039819602;7.531740839;6.78152049;6.902616327;7.505976357;6.751887042;11.11617639;5.708344884
15.03.2020;Radius;weniger als 500 Meter;26.56716833;26.02377382;26.70546048;21.56670306;27.39803237;30.57300653;25.70582902;27.42902455;28.78041698;23.52561716;25.90234182;22.35312473;33.06902328
15.03.2020;Radius;500 Meter - 2 Kilometer;18.13472349;20.06188592;17.64426684;13.63522893;18.43754979;23.72861317;17.94240976;18.32715263;19.14328139;16.74871543;18.27178946;10.87802587;23.52785498
15.03.2020;Radius;2 - 10 Kilometer;29.48695027;26.94622176;30.13355751;29.68621858;29.54905792;28.90145362;28.7802289;30.19409576;28.59424238;30.71375176;30.59402491;28.03171776;25.6811678
15.03.2020;Radius;10 - 20 Kilometer;10.55747078;11.46885495;10.32552644;13.96087817;10.03781608;7.625974576;11.38787091;9.726572308;8.426491737;13.48596315;10.73468719;15.41821954;5.727105158
15.03.2020;Radius;20 - 50 Kilometer;8.954164446;8.935490885;8.958916808;12.62937398;8.482922635;5.386412388;9.804370476;8.103448191;8.832014317;9.122028941;8.870240648;11.90403542;6.889528054
15.03.2020;Radius;50 - 100 Kilometer;4.501397283;2.909294579;4.906582304;6.182071404;4.198369192;3.261340885;4.20574567;4.797226323;4.14676642;4.988747818;3.764899683;8.890639212;4.198159397
15.03.2020;Radius;100++ Kilometer;1.798125401;3.654478081;1.325689611;2.339525878;1.896252015;0.523198834;2.173545259;1.422480246;2.076786771;1.415175742;1.862016294;2.524237472;0.90716133
16.03.2020;Distanz;weniger als 2 Km;17.54338979;15.5110924;18.04935152;13.75546433;16.44349964;28.47825505;15.39758964;19.69047768;19.12296214;15.35161771;16.24996727;18.10113986;23.34839592
16.03.2020;Distanz;2 - 10 Kilometer;24.68540733;25.81214563;24.40489403;21.79498899;24.22161993;31.32119788;21.92837053;27.44409869;28.9934621;18.70766645;22.41874045;23.97314255;36.28369341
16.03.2020;Distanz;10 - 20 Kilometer;16.44451429;18.00592609;16.05578447;16.77005782;16.52589036;15.56457172;17.49226728;15.39613252;17.18539392;15.41648966;16.97441176;16.44821022;13.87042284
16.03.2020;Distanz;20 - 50 Kilometer;22.55257348;24.74279204;22.00729562;25.07795261;23.25920649;15.38364382;23.20994265;21.89480981;18.8308646;27.71671657;24.5361473;19.43467079;15.55856446
16.03.2020;Distanz;50 - 100 Kilometer;13.33355396;11.64357881;13.75429097;16.09404307;14.2451929;4.863879011;14.48702778;12.17938791;10.49615174;17.27065692;14.64463606;13.659155;6.697757393
16.03.2020;Distanz;100++ Kilometer;5.440561149;4.284465029;5.728383388;6.507493182;5.304590684;4.388452519;7.484802123;3.395093385;5.371165495;5.536852691;5.176097156;8.383681589;4.241165973
16.03.2020;Radius;weniger als 500 Meter;17.3022522;15.1820606;17.83009611;13.49378;16.40273612;27.35776321;14.87857871;19.72738019;18.51103522;15.6249774;15.95630624;17.37174448;23.77394006
16.03.2020;Radius;500 Meter - 2 Kilometer;18.08384259;17.74947219;18.1670876;17.12808082;17.4821535;22.31758318;16.98520827;19.18313621;21.34464927;13.55923496;16.58054041;19.25725957;24.38783292
16.03.2020;Radius;2 - 10 Kilometer;33.70749138;35.47051025;33.26856937;33.05658855;33.61992987;35.12503624;33.55604505;33.8590286;34.55697256;32.52877416;33.47984338;31.93629525;36.30601025
16.03.2020;Radius;10 - 20 Kilometer;14.64275119;18.38036059;13.71223417;16.42770387;15.37556301;8.514127663;15.93590814;13.34881818;10.94552905;19.77291714;16.76649365;10.88261823;7.510390385
16.03.2020;Radius;20 - 50 Kilometer;13.16279534;10.32812943;13.86851512;15.9086037;14.38558986;3.300621637;14.809283;11.5153196;11.24355508;15.82588149;14.57423256;14.86596253;4.87811171
16.03.2020;Radius;50 - 100 Kilometer;2.57804253;2.23363022;2.663787582;2.835043958;2.312222095;3.384868069;3.126925807;2.028829856;2.830625604;2.227565053;2.18801454;4.337609961;2.986193122
16.03.2020;Radius;100++ Kilometer;0.522824774;0.655836717;0.489710058;1.150199107;0.421805543;0;0.708051023;0.337487367;0.567633211;0.460649793;0.454569219;1.348509977;0.157521556
17.03.2020;Distanz;weniger als 2 Km;24.66101551;24.46641343;24.70984543;25.1035736;22.21911834;35.30378975;21.44628385;27.87767639;25.8795007;23.02571297;21.97843344;30.29737249;33.00797299
17.03.2020;Distanz;2 - 10 Kilometer;26.49074491;28.68624994;25.93984463;23.64829701;25.33127464;36.4085582;25.66336096;27.31862539;28.16778625;24.24002413;24.83307987;26.34867582;34.70449303
17.03.2020;Distanz;10 - 20 Kilometer;14.79964831;15.36702428;14.65728126;15.88178406;15.2833093;10.827564;13.45136403;16.14874172;14.48493452;15.22201885;14.86708508;16.75450442;12.82242578
17.03.2020;Distanz;20 - 50 Kilometer;19.77541445;19.58807955;19.82242088;19.82851057;21.84039602;10.0944072;22.42853034;17.12070637;18.10859428;22.01241761;22.52590451;13.66754284;11.49436547
17.03.2020;Distanz;50 - 100 Kilometer;9.455133915;7.433761763;9.962340445;10.9271204;10.4045511;2.697346735;10.66516458;8.244377082;8.738624931;10.41674507;10.69870313;8.795040391;3.939540673
17.03.2020;Distanz;100++ Kilometer;4.81804291;4.458471036;4.908267366;4.610714364;4.9213506;4.668334106;6.34529624;3.289873045;4.620559306;5.083081368;5.09679396;4.136864049;4.031202055
17.03.2020;Radius;weniger als 500 Meter;24.27652466;24.57874397;24.20069122;24.76789802;21.85305463;34.75587578;21.41130178;27.14346702;25.00825606;23.29448384;21.9401489;28.58609738;32.0515191
17.03.2020;Radius;500 Meter - 2 Kilometer;19.96868724;21.76618638;19.51765535;19.95043771;18.62465245;26.24377648;19.44961608;20.4880699;21.47834823;17.94260399;18.5260176;22.01724633;25.28596317
17.03.2020;Radius;2 - 10 Kilometer;31.1262846;29.36754999;31.56758963;28.92369216;32.76817251;27.00597968;30.76167458;31.49111344;31.59092108;30.50270608;31.88573046;27.95467429;30.09176059
17.03.2020;Radius;10 - 20 Kilometer;11.80416168;14.60367674;11.10170206;12.38131018;13.02455451;5.213042214;13.64144366;9.965777115;10.05124127;14.15671811;13.53670751;8.93181906;5.765939276
17.03.2020;Radius;20 - 50 Kilometer;9.856698887;7.708030571;10.39584681;10.49514273;11.22204624;2.494269961;11.10861329;8.604033183;8.597209594;11.54703212;11.28874634;8.749684931;3.797565442
17.03.2020;Radius;50 - 100 Kilometer;2.604450893;1.749280641;2.819031833;2.908692079;2.247831034;3.776921019;3.154930253;2.053641179;2.796051407;2.347308002;2.41100775;3.519994949;2.777183546
17.03.2020;Radius;100++ Kilometer;0.363192035;0.226531712;0.397483102;0.572827121;0.259688624;0.510134861;0.472420352;0.253898167;0.477972362;0.209147849;0.411641439;0.240483052;0.23006887
18.03.2020;Distanz;weniger als 2 Km;25.57840059;23.32933792;26.14820964;23.54713538;24.67547103;32.74689962;23.34586927;27.81227169;27.12964635;23.46761619;23.51507198;26.87573227;34.53270531
18.03.2020;Distanz;2 - 10 Kilometer;26.86980636;28.64654277;26.41966306;21.8474352;26.01966913;38.41760739;24.17008466;29.57114821;30.53127904;21.88763035;25.64915137;24.95330391;34.41923422
18.03.2020;Distanz;10 - 20 Kilometer;15.21479169;13.95960531;15.5327982;17.66444231;14.6221096;14.08318501;15.50054638;14.92886551;14.00479434;16.86123843;15.04271638;19.11751067;12.77761898
18.03.2020;Distanz;20 - 50 Kilometer;19.07266117;22.7481339;18.1414654;22.51112929;19.56561399;11.56468444;20.73351743;17.41080819;16.64939536;22.37000566;20.66451696;17.21543373;12.88296579
18.03.2020;Distanz;50 - 100 Kilometer;8.878227464;7.214941104;9.299627738;9.8191543;10.20245916;1.509692009;10.56006513;7.19538049;7.662744497;10.5321385;10.52923335;7.50600173;1.993671427
18.03.2020;Distanz;100++ Kilometer;4.386112733;4.101439002;4.458235965;4.610703526;4.91467708;1.677931533;5.689917123;3.081525903;4.022140415;4.881370873;4.599309961;4.332017691;3.393804279
18.03.2020;Radius;weniger als 500 Meter;24.57950011;21.81336152;25.28031242;22.81143951;23.69471192;31.26082659;22.1746016;26.98584184;25.13282244;23.82659288;22.74695543;25.35733305;32.84641015
18.03.2020;Radius;500 Meter - 2 Kilometer;21.81347263;23.65533749;21.34682878;18.80747369;20.85644422;30.72767009;20.24087193;23.38701709;24.94246157;17.55584873;20.67796387;19.18345621;29.54716652
18.03.2020;Radius;2 - 10 Kilometer;29.29289209;28.69314847;29.44483955;30.21453677;28.88832322;29.67845258;29.33365801;29.2521017;28.96141028;29.74394031;29.55848544;31.40517377;26.22777794
18.03.2020;Radius;10 - 20 Kilometer;12.50664154;14.54888052;11.9892321;13.23119854;13.67690985;6.1598718;14.39952496;10.61262216;9.815544186;16.16842515;13.84951384;11.32549154;6.961540841
18.03.2020;Radius;20 - 50 Kilometer;9.357597218;9.219172582;9.392667655;11.25555844;10.43427829;1.618453783;11.05890058;7.655272866;8.35945122;10.71577724;10.96768994;8.658203238;2.107614668
18.03.2020;Radius;50 - 100 Kilometer;2.168152626;1.872871528;2.242963278;3.039651359;2.35245241;0;2.510802012;1.82529761;2.543893663;1.656880757;2.04473228;3.348023537;1.778865253
18.03.2020;Radius;100++ Kilometer;0.281743786;0.197227889;0.303156228;0.640141693;0.096880084;0.554725155;0.281640891;0.281846743;0.244416641;0.332534937;0.154659202;0.722318643;0.530624628
19.03.2020;Distanz;weniger als 2 Km;29.04363563;26.85308609;29.59702412;29.17650512;27.00920491;38.09581146;28.22976936;29.85799031;30.1310793;27.55861495;27.07938286;30.37804549;37.1038764
19.03.2020;Distanz;2 - 10 Kilometer;25.36762416;27.28406128;24.88348343;23.62376279;25.38280021;28.03048803;23.16511173;27.57145836;29.91801102;19.15358405;24.61246495;24.87863183;29.30334375
19.03.2020;Distanz;10 - 20 Kilometer;14.7011832;15.21947873;14.57024858;13.76850425;14.62772875;16.49667319;14.08314585;15.31959145;14.50054535;14.97517566;14.78879272;14.43185163;14.51693309
19.03.2020;Distanz;20 - 50 Kilometer;18.21726676;19.23719623;17.95960665;19.82453291;19.38990263;10.3617066;19.54836016;16.88537455;14.59009137;23.17056283;19.6870918;18.56858476;11.05840659
19.03.2020;Distanz;50 - 100 Kilometer;8.971172473;8.465808574;9.098840238;9.916556122;9.297210633;6.006067723;10.09730714;7.844361985;7.701001029;10.70572748;9.577301333;9.091857462;6.039197008
19.03.2020;Distanz;100++ Kilometer;3.699117777;2.940369095;3.890796979;3.690138801;4.293152865;1.009252996;4.876305754;2.521223346;3.159271937;4.436335029;4.254966338;2.651028829;1.978243169
19.03.2020;Radius;weniger als 500 Meter;27.70917944;25.41130207;28.28968167;28.25616595;25.54758746;36.69141053;26.9788494;28.43994776;28.2116164;27.02304802;25.68658928;29.08943887;36.00361168
19.03.2020;Radius;500 Meter - 2 Kilometer;20.35585695;22.33771694;19.85518874;19.52717429;20.47111096;21.12946186;18.49130183;22.22153102;24.34038796;14.91455355;19.81008833;19.51859126;23.60443659
19.03.2020;Radius;2 - 10 Kilometer;29.2390246;29.47974444;29.17821265;26.27376629;29.97785419;30.52140619;29.35687603;29.12110245;29.08591638;29.44811026;30.16024315;27.40096512;26.47138317
19.03.2020;Radius;10 - 20 Kilometer;11.30685771;13.34018601;10.7931873;12.693452;11.8606577;6.613822879;12.70578469;9.907091204;8.372990578;15.31336717;12.07994306;11.81189609;7.274003977
19.03.2020;Radius;20 - 50 Kilometer;8.81247517;6.874092937;9.302159789;10.47821811;9.289768863;4.030366265;9.661600402;7.96284036;7.47570909;10.63797227;9.429184346;9.729423874;5.165981764
19.03.2020;Radius;50 - 100 Kilometer;2.209885139;2.235882979;2.203317424;2.279377956;2.557589503;0.518335212;2.330608688;2.089089141;2.211415755;2.207794919;2.413638289;2.204229114;1.262897818
19.03.2020;Radius;100++ Kilometer;0.366720995;0.321074621;0.378252429;0.491845411;0.295431318;0.49519707;0.474978957;0.258398065;0.301963846;0.45515381;0.420313552;0.245455678;0.217684993
20.03.2020;Distanz;weniger als 2 Km;29.73055102;30.16681937;29.61926094;27.52760033;28.01933253;40.72762399;26.89831697;32.56448474;33.01066698;25.16112867;28.39175968;31.54527336;34.75891026
20.03.2020;Distanz;2 - 10 Kilometer;25.50688364;24.28625115;25.81826144;23.49031225;24.9027594;31.2936016;24.25596961;26.75854837;28.38896021;21.49195696;24.02021689;24.12061946;33.93499581
20.03.2020;Distanz;10 - 20 Kilometer;14.74499933;14.66107458;14.76640815;14.27723501;15.7049455;11.1946332;15.32279722;14.16685468;13.21380466;16.87805657;15.06628275;16.65730868;11.57500677
20.03.2020;Distanz;20 - 50 Kilometer;16.76179565;16.78023374;16.75709218;16.07324829;18.42248555;10.43422255;17.23431437;16.28899337;13.63441204;21.11845155;17.84968901;15.40848107;12.5743347
20.03.2020;Distanz;50 - 100 Kilometer;8.909646819;8.952161366;8.898801551;13.41677056;8.562721929;3.524322661;10.37042615;7.44799084;7.671486849;10.63448701;10.06701158;8.49542624;3.597222951
20.03.2020;Distanz;100++ Kilometer;4.346123546;5.153459792;4.140175741;5.214833565;4.387755091;2.825595988;5.918175673;2.773127999;4.080669261;4.715919235;4.605040089;3.772891185;3.559529503
20.03.2020;Radius;weniger als 500 Meter;28.0398093;26.88140721;28.33531241;28.69400907;25.75392971;37.20074247;25.99660608;30.08423869;30.30155621;24.8890436;26.23735998;33.84940985;31.99456985
20.03.2020;Radius;500 Meter - 2 Kilometer;20.40938775;21.70909272;20.07783892;16.5211179;20.05218929;27.97504076;19.10701632;21.71254075;23.34113805;16.32526221;19.0809189;15.79867868;30.76035838
20.03.2020;Radius;2 - 10 Kilometer;29.69503364;28.10431303;30.10081923;27.43408949;31.94587193;23.15981402;29.75937186;29.6306568;27.81196991;32.31826818;31.02486216;28.39614058;24.27914967
20.03.2020;Radius;10 - 20 Kilometer;9.918754135;11.12085209;9.612104412;11.90215711;10.62149452;3.744422123;10.71775461;9.119274167;6.959714767;14.04089517;10.80766101;11.21031941;4.492510373
20.03.2020;Radius;20 - 50 Kilometer;9.112626547;8.441883817;9.283729967;9.919478169;9.488771708;6.199421368;10.58557777;7.638791373;8.281099047;10.27100033;10.09083261;6.646199408;6.392277502
20.03.2020;Radius;50 - 100 Kilometer;2.011202793;1.425877366;2.160516648;4.204547642;1.4391936;1.18366146;2.885337655;1.136543345;2.187158326;1.76608489;2.029683846;2.673084846;1.367361962
20.03.2020;Radius;100++ Kilometer;0.813185841;2.316573768;0.429678417;1.324600621;0.698549244;0.536897801;0.948335707;0.677954868;1.117363688;0.389445622;0.728681488;1.42616723;0.713772259
21.03.2020;Distanz;weniger als 2 Km;36.94834947;37.92704767;36.70125442;32.15420259;36.14621845;48.83977615;34.67026835;39.22779771;41.03221897;31.47545555;35.55239478;32.61548496;47.94440075
21.03.2020;Distanz;2 - 10 Kilometer;29.52830636;29.78655843;29.46310463;28.57534724;29.31251606;32.16758932;30.76999367;28.28587388;29.5847647;29.45264514;28.70212506;29.95577116;33.4286131
21.03.2020;Distanz;10 - 20 Kilometer;13.4661675;11.9621299;13.84589667;12.98838567;14.01540305;11.57431309;11.85647513;15.07682589;12.49237208;14.7711747;13.67179182;15.71250374;10.44486829
21.03.2020;Distanz;20 - 50 Kilometer;12.77019119;13.81576805;12.50621108;15.74104275;13.30336678;5.224688645;14.63591334;10.90334939;9.99368219;16.49105917;14.23395268;12.79229915;5.180589951
21.03.2020;Distanz;50 - 100 Kilometer;5.399334609;5.209189275;5.447341206;7.971086814;5.402823097;1.107604753;5.910377275;4.887985255;4.8135334;6.18438121;5.768572243;6.240234044;2.756793994
21.03.2020;Distanz;100++ Kilometer;1.88765087;1.299306684;2.036191999;2.56993493;1.819672572;1.086028037;2.156972236;1.618167878;2.083428662;1.625284237;2.071163424;2.683706939;0.244733919
21.03.2020;Radius;weniger als 500 Meter;36.97579548;37.36532796;36.87744897;32.98929748;36.41819416;46.32891994;35.04226794;38.91048337;39.20812759;33.98419234;35.94918784;31.3664108;47.1742243
21.03.2020;Radius;500 Meter - 2 Kilometer;21.32116385;24.04773819;20.63277695;19.81969807;21.3547076;23.65279986;22.26593934;20.37582138;23.11833906;18.91272518;20.28522008;23.3330633;24.92537825
21.03.2020;Radius;2 - 10 Kilometer;27.43793933;22.52543956;28.67821378;27.3890295;27.94885503;25.02063105;26.03558627;28.84113397;25.07634999;30.60276325;28.2892755;27.71909533;22.78992154
21.03.2020;Radius;10 - 20 Kilometer;8.014740077;9.350664328;7.677455028;10.15786325;8.294348355;3.08511302;10.07824214;5.949999665;6.126862477;10.54473126;8.833588982;8.430687032;3.417261017
21.03.2020;Radius;20 - 50 Kilometer;4.710723099;5.334680053;4.5531907;6.9811798;4.733286991;0.826508092;4.81372757;4.607656812;4.517219124;4.970042531;5.085203455;6.231528363;1.448480976
21.03.2020;Radius;50 - 100 Kilometer;1.205980747;0.968791221;1.265864741;2.222212383;0.885112255;1.086028037;1.379939404;1.031917694;1.5796693;0.70519153;1.282536182;2.135391623;0
21.03.2020;Radius;100++ Kilometer;0.333657421;0.40735868;0.31504983;0.44071951;0.365495608;0;0.384297343;0.282987109;0.373432461;0.280353912;0.274987956;0.783823547;0.244733919
22.03.2020;Distanz;weniger als 2 Km;48.72271567;44.16633605;49.86296621;46.34297193;48.20519098;55.17135887;48.53441336;48.91113099;49.61273773;47.53614557;47.50840337;47.49337933;56.24152633
22.03.2020;Distanz;2 - 10 Kilometer;26.8049556;27.00577738;26.75469922;21.6388614;26.83093011;35.21929574;26.42479542;27.18534392;28.18360743;24.96694828;26.363426;22.50492186;33.0680473
22.03.2020;Distanz;10 - 20 Kilometer;8.668973318;8.518798164;8.706555196;7.873045093;9.531410778;5.794512137;8.118988447;9.219288247;8.068602339;9.469382987;9.403892386;8.450908452;4.99970236
22.03.2020;Distanz;20 - 50 Kilometer;9.459070377;11.83647268;8.864116821;12.85784796;9.769219438;2.333335276;10.31602064;8.601605839;8.320468974;10.97704444;10.30283184;11.80899169;2.864631641
22.03.2020;Distanz;50 - 100 Kilometer;4.273965533;4.409891448;4.239949579;6.770962502;3.999085587;1.481497972;3.909679794;4.638469887;3.4765632;5.337055788;4.519457385;5.312527351;2.030287359
22.03.2020;Distanz;100++ Kilometer;2.070319501;4.062724277;1.571712974;4.516311112;1.664163108;0;2.69610234;1.444161117;2.338020335;1.713422943;1.901989016;4.429271316;0.795805006
22.03.2020;Radius;weniger als 500 Meter;47.07804807;41.17435798;48.55546795;43.78828578;46.6892747;54.40556817;46.59392265;47.56246403;48.72258635;44.88556312;45.86543083;45.62109092;54.79642573
22.03.2020;Radius;500 Meter - 2 Kilometer;22.48732752;25.06497799;21.84226114;18.12540163;22.47129227;29.77633453;22.69746719;22.27706175;22.98794794;21.81990448;22.0933425;17.9378909;28.72856115
22.03.2020;Radius;2 - 10 Kilometer;18.41171865;18.39515236;18.41586442;17.23398064;19.85711527;13.33606685;18.71723746;18.10601648;17.43789218;19.71001612;19.84964757;16.31792447;12.75951205
22.03.2020;Radius;10 - 20 Kilometer;5.641072355;6.654673192;5.387415067;8.063367945;5.838085927;0.679334512;5.403789932;5.878497176;4.474294445;7.196611102;6.29658784;6.737361876;1.185933432
22.03.2020;Radius;20 - 50 Kilometer;4.673804926;6.804464107;4.140599732;8.934236507;3.967549262;1.061946961;4.595635124;4.75202164;4.283046663;5.194760641;4.464112687;9.279781517;1.558864589
22.03.2020;Radius;50 - 100 Kilometer;1.104130697;1.257222853;1.065818829;2.472210346;0.713422363;0.740748986;1.242640754;0.965537517;1.427818025;0.672593404;0.951181253;2.415617309;0.708074415
22.03.2020;Radius;100++ Kilometer;0.603897778;0.649151521;0.592572865;1.382517153;0.463260207;0;0.749306884;0.458401409;0.666414397;0.520551134;0.479697316;1.690333;0.262628631
23.03.2020;Distanz;weniger als 2 Km;35.85979085;37.0619403;35.55849327;33.36875242;33.10051081;52.05439265;32.36480283;39.35687628;37.87276674;33.23540936;33.09301782;38.80713345;46.57251481
23.03.2020;Distanz;2 - 10 Kilometer;27.17768084;28.46637693;26.85469187;26.40584317;26.82217107;29.96074892;26.01929552;28.33676134;30.55646044;22.77265707;25.88482118;28.33695875;32.36589312
23.03.2020;Distanz;10 - 20 Kilometer;12.05624602;10.5201347;12.44124526;12.4438851;12.3888348;9.969247234;12.4905642;11.6216672;10.9767799;13.46358076;12.71720435;12.10256628;8.869205494
23.03.2020;Distanz;20 - 50 Kilometer;14.60380224;14.46501304;14.6385873;14.39472874;16.78393728;5.171721289;15.69000656;13.51694606;11.17213558;19.07777657;16.77793649;10.67506891;7.535059741
23.03.2020;Distanz;50 - 100 Kilometer;7.498644976;6.350118799;7.786502832;10.809118;7.455340333;2.57840317;9.290013272;5.706201645;7.049340976;8.084417071;8.277118816;7.267204902;3.984251638
23.03.2020;Distanz;100++ Kilometer;2.803835077;3.13641623;2.720479469;2.577672563;3.449205703;0.265486739;4.145317626;1.461547478;2.372516366;3.366159171;3.24990135;2.811067712;0.673075197
23.03.2020;Radius;weniger als 500 Meter;34.6017988;33.7347783;34.81910221;34.78755939;31.24310646;49.34337124;31.66678246;37.53857649;36.02777146;32.74271232;31.41400858;40.27203594;45.04170609
23.03.2020;Radius;500 Meter - 2 Kilometer;21.10063867;25.17284326;20.08001232;17.17888234;21.01684941;27.53387336;20.24773572;21.95405346;23.75745146;17.63686627;20.14249447;19.03396641;27.39364125
23.03.2020;Radius;2 - 10 Kilometer;25.46369875;22.18955997;26.28430396;27.01259371;26.76924881;17.22926082;25.51169084;25.41567786;24.94668064;26.13775191;27.04293068;24.62445489;18.64366612
23.03.2020;Radius;10 - 20 Kilometer;8.846406672;9.97684559;8.56308207;9.36612522;9.699014176;4.228537914;10.39713627;7.294746453;6.156681676;12.35308777;9.733543389;7.810458162;5.487550865
23.03.2020;Radius;20 - 50 Kilometer;8.150790103;6.584910625;8.543250211;9.516352011;9.188176103;1.399469925;9.763311739;6.53730076;7.227157226;9.354960029;9.689402319;5.97160228;2.645351781
23.03.2020;Radius;50 - 100 Kilometer;1.435469294;1.482350965;1.42371923;1.569531075;1.709995084;0;1.681010977;1.189780257;1.353115785;1.542836217;1.577407903;1.699516678;0.538460481
23.03.2020;Radius;100++ Kilometer;0.401197715;0.858711287;0.286529997;0.56895626;0.373609961;0.265486739;0.73233199;0.069864719;0.531141753;0.231785487;0.400212658;0.587965644;0.249623416
24.03.2020;Distanz;weniger als 2 Km;33.54891165;33.57635632;33.54198743;34.37535073;31.35943514;42.28179432;31.92392226;35.17487622;35.19551761;31.37974908;30.56307774;40.4864914;42.07925929
24.03.2020;Distanz;2 - 10 Kilometer;29.05633949;32.92843238;28.07942093;26.82417938;28.13519669;36.794889;25.72598065;32.38869694;32.28903399;24.79773722;27.53979973;28.96963697;36.35610963
24.03.2020;Distanz;10 - 20 Kilometer;12.52687998;11.10295065;12.88613349;10.60313626;13.71187486;10.12656878;13.17701746;11.87635233;11.1973324;14.27836448;13.52809503;11.54585648;8.56086687
24.03.2020;Distanz;20 - 50 Kilometer;15.65417327;14.16615994;16.02959501;18.40156621;16.5992216;6.994320314;16.87573888;14.43187458;13.00425892;19.14504793;17.95329236;11.16025902;8.388749548
24.03.2020;Distanz;50 - 100 Kilometer;6.492738377;5.744734983;6.681457609;7.465279229;7.006178729;2.607294926;8.45606318;4.528235344;5.938248686;7.223197459;7.347690762;5.95647089;2.858366964
24.03.2020;Distanz;100++ Kilometer;2.720957236;2.48136573;2.781405524;2.33048819;3.188092983;1.19513267;3.841277569;1.599964575;2.375608401;3.175903824;3.068044376;1.88128523;1.756647697
24.03.2020;Radius;weniger als 500 Meter;33.20505266;32.68062027;33.33736553;35.349889;30.86572315;40.54764226;31.5478863;34.86321352;34.74940056;31.17060014;30.08289363;41.56652696;41.21499276
24.03.2020;Radius;500 Meter - 2 Kilometer;21.23767695;24.97813764;20.29396884;18.03600583;20.56395624;29.36967307;19.71842136;22.75784428;23.12355656;18.75330635;19.90111558;19.69675323;28.87470661
24.03.2020;Radius;2 - 10 Kilometer;27.24474932;25.21317605;27.75730975;26.11164651;28.25521264;24.398722;27.82014639;26.66900693;26.45588899;28.28395744;28.77238378;24.08402137;22.56092254
24.03.2020;Radius;10 - 20 Kilometer;9.249530919;9.030051835;9.304904898;11.06531991;9.981451249;3.034219323;9.8371526;8.661556596;6.953338644;12.27442846;10.78263063;7.367566668;3.488731883
24.03.2020;Radius;20 - 50 Kilometer;7.360075895;6.278243655;7.633019242;8.522583577;8.24017068;1.4948745;8.777299028;5.942002259;6.67429742;8.263488753;8.580530884;6.123600895;2.559002832
24.03.2020;Radius;50 - 100 Kilometer;1.401088265;0.973038169;1.509084146;0.559738105;1.883605235;0.515121354;1.87430189;0.927590655;1.512576463;1.254218868;1.694713328;0.535533054;0.712874729
24.03.2020;Radius;100++ Kilometer;0.301825992;0.846732378;0.164347585;0.354817074;0.20988081;0.639747488;0.424792431;0.178785757;0.530941359;0;0.185732164;0.625997821;0.58876865
25.03.2020;Distanz;weniger als 2 Km;35.88728955;37.40271126;35.5085881;36.04050715;33.89188074;44.831943;33.34354141;38.43256424;39.14453171;31.46684949;32.57949062;41.58005393;46.40312838
25.03.2020;Distanz;2 - 10 Kilometer;26.28106324;27.13763094;26.06700834;22.3443025;25.97753241;33.90390972;25.80617542;26.75623604;27.78212978;24.24394891;25.42291872;23.94434856;32.2576661
25.03.2020;Distanz;10 - 20 Kilometer;13.78798424;10.59268294;14.58648491;14.61977623;14.18923614;10.62525379;12.5771644;14.99953072;13.19481967;14.59297457;14.28293993;15.20486905;10.28194931
25.03.2020;Distanz;20 - 50 Kilometer;14.83146813;15.94553855;14.55306372;15.3205015;16.18246798;7.838079178;17.18425043;12.47727388;12.72220988;17.69396629;17.03032319;11.38106631;7.556694687
25.03.2020;Distanz;50 - 100 Kilometer;6.871986801;6.717650822;6.910555114;8.891452586;7.233086959;2.01599418;7.891577816;5.851783909;5.295484177;9.011476283;8.215111394;5.053365717;2.182182493
25.03.2020;Distanz;100++ Kilometer;2.340208043;2.203785486;2.374299821;2.783460035;2.52579577;0.784820126;3.197290524;1.48261121;1.86082479;2.990784461;2.46921615;2.836296434;1.318379022
25.03.2020;Radius;weniger als 500 Meter;33.9105021;32.01276161;34.3847444;33.54793907;32.10803272;42.78248185;31.58093572;36.2414665;35.6197321;31.5908868;30.39794272;40.26029817;44.81780234
25.03.2020;Radius;500 Meter - 2 Kilometer;21.14757435;23.40395293;20.58370897;19.83604039;19.92349844;28.8572578;21.63461661;20.66023981;23.15262037;18.4265038;19.96322369;19.88356442;27.72568833
25.03.2020;Radius;2 - 10 Kilometer;27.05735043;24.90623214;27.59491144;26.89374209;28.06937935;22.65664935;26.65335347;27.46158983;26.56846332;27.72082463;28.33755229;27.19181112;20.9961652
25.03.2020;Radius;10 - 20 Kilometer;9.477871086;10.97645949;9.103376251;9.523851398;10.57141176;4.370454558;10.65366737;8.301369183;7.375951102;12.33041039;11.14947351;6.29752687;4.4221934
25.03.2020;Radius;20 - 50 Kilometer;6.903804463;6.674523353;6.961101444;7.915203188;7.87946592;0.812448745;7.768726587;6.038363282;5.821229348;8.372979357;8.547297941;4.430936229;1.376057314
25.03.2020;Radius;50 - 100 Kilometer;1.108205938;1.231844001;1.077308985;1.41232917;1.188719305;0.25659527;1.20966264;1.006688351;0.950290234;1.322515121;1.216495773;1.321753295;0.423287531
25.03.2020;Radius;100++ Kilometer;0.39469163;0.794226476;0.294848513;0.870894684;0.259492505;0.264112428;0.4990376;0.290283039;0.511713524;0.235879898;0.388014078;0.614109887;0.238805883
26.03.2020;Distanz;weniger als 2 Km;33.41959403;34.48373054;33.15392152;30.88443201;32.69895641;40.57078481;32.6687274;34.17091127;35.2262692;30.99912518;31.52017286;34.62209337;41.16262838
26.03.2020;Distanz;2 - 10 Kilometer;26.60796333;30.39808581;25.66172065;26.34589404;25.75748498;30.82496662;26.28770497;26.92841389;28.43229099;24.16384479;25.75057331;28.08621812;29.32094714
26.03.2020;Distanz;10 - 20 Kilometer;14.27230083;11.52600883;14.95794059;15.17622875;14.3943989;12.32686098;13.86470638;14.68013988;14.95922214;13.3520072;14.75022321;14.666356;11.74155283
26.03.2020;Distanz;20 - 50 Kilometer;15.38527321;16.37437746;15.13833326;15.86363851;16.33389871;10.39382535;16.0906721;14.679451;12.85092751;18.78062892;16.5452997;14.16012385;11.06674445
26.03.2020;Distanz;50 - 100 Kilometer;7.3119053;5.755113876;7.700574136;7.585917258;7.740327978;4.967973657;7.121597726;7.502327082;6.449460372;8.46735434;7.93520753;5.935066741;5.592302773
26.03.2020;Distanz;100++ Kilometer;3.002963296;1.462683482;3.38750984;4.143889437;3.074933022;0.915588583;3.966591418;2.038756882;2.0818298;4.23703956;3.498523389;2.530141927;1.115824432
26.03.2020;Radius;weniger als 500 Meter;32.16969809;32.71424866;32.03374549;30.71645449;31.27548711;38.42525031;31.51974222;32.82004402;33.24208602;30.73298072;29.89578962;36.63324129;38.91082737
26.03.2020;Radius;500 Meter - 2 Kilometer;20.68281662;24.58517397;19.70855336;19.86844496;19.81584464;25.82806093;20.26735578;21.09852679;23.15645458;17.36879329;20.34909612;17.83094983;24.60450811
26.03.2020;Radius;2 - 10 Kilometer;27.86941685;24.0684933;28.81835613;26.9311679;28.63769474;25.87750958;28.16344404;27.5752132;27.73953004;28.04343096;28.9259458;25.98044926;24.58264324
26.03.2020;Radius;10 - 20 Kilometer;9.400988828;11.88894186;8.779846014;9.583864276;10.30741196;5.055755259;9.875789829;8.925902889;7.507514655;11.93774549;9.935652766;9.749761453;6.646759161
26.03.2020;Radius;20 - 50 Kilometer;8.243440692;6.081120358;8.783285988;10.48807515;8.383548593;4.143433133;8.38121788;8.105580822;6.938831379;9.991273546;9.154847052;8.266924186;4.025972271
26.03.2020;Radius;50 - 100 Kilometer;1.487629128;0.662021853;1.693750393;2.292729241;1.392193265;0.669990787;1.603085904;1.372103063;1.280154758;1.765590136;1.571162355;1.33645553;1.229289852
26.03.2020;Radius;100++ Kilometer;0.146009793;0;0.182462625;0.119263971;0.187819684;0;0.189364346;0.102629221;0.135428563;0.160185855;0.1675063;0.202218454;0
