date, pm10, o3, no2
2020/3/1, 9, 21, 26
2020/3/2, 16, 13, 27
2020/3/3, 15, 20, 29
2020/3/4, 27, 24, 25
2020/3/5, 28, 20, 26
2020/3/6, 23, 20, 19
2020/3/7, 28, 20, 20
2020/3/8, 25, 15, 29
2020/3/9, 22, 16, 20
2020/3/10, 14, 22, 21
2020/3/11, 15, 27, 18
2020/3/12, 13, 24, 18
2020/3/13, 13, 28, 24
2020/3/14, 20, 30, 13
2020/3/15, 15, 24, 32
2020/3/16, 36, 23, 32
2020/3/17, 34, 29, 27
2020/3/18, 34, 23, 21
2020/3/19, 29, 25, 15
2020/3/20, 19, 29, 8
2020/3/21, 10, 30, 10
2020/3/22, 10, 31, 21
2020/3/23, 20, 34, 24
2020/3/24, 30, 38, 22
2020/3/25, 36, 37, 15
2020/3/26, 40, 40, 15
2020/3/27, 51, 26, 16
2020/3/28, 53, , 
2020/2/1, 9, 25, 16
2020/2/2, 13, 18, 25
2020/2/3, 12, 21, 21
2020/2/4, 13, 20, 20
2020/2/5, 12, 13, 24
2020/2/6, 19, 12, 28
2020/2/7, 26, 16, 22
2020/2/8, 27, 25, 12
2020/2/9, 21, 27, 19
2020/2/10, 10, 26, 16
2020/2/11, 16, 25, 17
2020/2/12, 17, 20, 23
2020/2/13, 20, 9, 27
2020/2/14, 27, 16, 22
2020/2/15, 23, 22, 12
2020/2/16, 10, 32, 17
2020/2/17, 52, 24, 20
2020/2/18, 27, 22, 20
2020/2/19, 13, 17, 22
2020/2/20, 19, 24, 20
2020/2/21, 14, 27, 14
2020/2/22, 11, 28, 15
2020/2/23, 9, 24, 20
2020/2/24, 14, 24, 23
2020/2/25, 12, 20, 26
2020/2/26, 15, 20, 28
2020/2/27, 21, 22, 26
2020/2/28, 19, 24, 16
2020/2/29, 21, 27, 15
2020/1/1, 72, 4, 30
2020/1/2, 43, 11, 20
2020/1/3, 17, 23, 17
2020/1/4, 12, 17, 20
2020/1/5, 17, 17, 27
2020/1/6, 23, 6, 26
2020/1/7, 27, 10, 20
2020/1/8, 17, 4, 19
2020/1/9, 18, 16, 21
2020/1/10, 17, 21, 19
2020/1/11, 15, 18, 14
2020/1/12, 18, 17, 23
2020/1/13, 21, 12, 22
2020/1/14, 26, 15, 23
2020/1/15, 33, 16, 34
2020/1/16, 31, 15, 27
2020/1/17, 35, 18, 25
2020/1/18, 22, 16, 18
2020/1/19, 23, 14, 27
2020/1/20, 23, 11, 27
2020/1/21, 24, 12, 24
2020/1/22, 25, 13, 32
2020/1/23, 29, 5, 26
2020/1/24, 38, 8, 19
2020/1/25, 23, 10, 16
2020/1/26, 26, 10, 25
2020/1/27, 37, 22, 21
2020/1/28, 14, 22, 18
2020/1/29, 14, 21, 24
2020/1/30, 16, 19, 25
2020/1/31, 17, 18, 20
2019/10/1, 12, 19, 25
2019/10/2, 10, 13, 12
2019/10/3, 9, 12, 22
2019/10/4, 18, 17, 12
2019/10/5, 13, 22, 18
2019/10/6, 12, 14, 33
2019/10/7, 23, 10, 24
2019/10/8, 18, 17, 21
2019/10/9, 19, 18, 21
2019/10/10, 13, 14, 17
2019/10/11, 14, 21, 21
2019/10/12, 15, 23, 19
2019/10/13, 20, 21, 23
2019/10/14, 22, 18, 29
2019/10/15, 38, 14, 23
2019/10/16, 23, 13, 22
2019/10/17, 17, 18, 22
2019/10/18, 14, 16, 21
2019/10/19, 13, 14, 22
2019/10/20, 22, 4, 26
2019/10/21, 41, 8, 25
2019/10/22, 29, 12, 24
2019/10/23, 30, 12, 24
2019/10/24, 51, 14, 25
2019/10/25, 28, 19, 18
2019/10/26, 15, 20, 15
2019/10/27, 14, 17, 27
2019/10/28, 16, 14, 25
2019/10/29, 17, 12, 39
2019/10/30, 24, 12, 35
2019/10/31, 35, 10, 25
2019/11/1, 36, 7, 20
2019/11/2, 17, 7, 15
2019/11/3, 20, 7, 25
2019/11/4, 19, 9, 25
2019/11/5, 14, 8, 23
2019/11/6, 16, 4, 22
2019/11/7, 21, 5, 22
2019/11/8, 28, 6, 19
2019/11/9, 30, 6, 20
2019/11/10, 28, 7, 23
2019/11/11, 26, 6, 23
2019/11/12, 27, 4, 25
2019/11/13, 33, 9, 23
2019/11/14, 29, 14, 18
2019/11/15, 35, 4, 20
2019/11/16, 31, 4, 17
2019/11/17, 29, 4, 23
2019/11/18, 30, 13, 22
2019/11/19, 19, 5, 26
2019/11/20, 24, 2, 20
2019/11/21, 45, 2, 21
2019/11/22, 35, 6, 13
2019/11/23, 39, 5, 12
2019/11/24, 42, 2, 15
2019/11/25, 49, , 18
2019/11/26, 39, 3, 21
2019/11/27, 23, 18, 20
2019/11/28, 13, 19, 21
2019/11/29, 13, 12, 27
2019/11/30, 19, 8, 22
2019/12/1, 31, 15, 25
2019/12/2, 19, 14, 28
2019/12/3, 22, 12, 25
2019/12/4, 32, 2, 27
2019/12/5, 37, 9, 24
2019/12/6, 28, 18, 17
2019/12/7, 11, 21, 12
2019/12/8, 11, 22, 24
2019/12/9, 16, 19, 29
2019/12/10, 22, 15, 26
2019/12/11, 35, 5, 25
2019/12/12, 27, 4, 24
2019/12/13, 34, 13, 19
2019/12/14, 17, 25, 16
2019/12/15, 11, 17, 31
2019/12/16, 19, 2, 28
2019/12/17, 34, 18, 30
2019/12/18, 27, 1, 25
2019/12/19, 35, 4, 27
2019/12/20, 36, 10, 26
2019/12/21, 24, 3, 20
2019/12/22, 27, 13, 25
2019/12/23, 18, 15, 18
2019/12/24, 16, 14, 13
2019/12/25, 13, 14, 16
2019/12/26, 13, 12, 17
2019/12/27, 13, 17, 20
2019/12/28, 11, 14, 22
2019/12/29, 20, , 
2019/7/1, 22, 30, 15
2019/7/2, 21, 26, 18
2019/7/3, 19, 29, 20
2019/7/4, 19, 24, 18
2019/7/5, 18, 30, 16
2019/7/6, 18, 28, 9
2019/7/7, 14, 23, 19
2019/7/8, 12, 24, 18
2019/7/9, 14, 22, 16
2019/7/10, 17, 39, 26
2019/7/11, 20, 27, 23
2019/7/12, 18, 31, 18
2019/7/13, 17, 27, 12
2019/7/14, 18, 20, 19
2019/7/15, 17, 17, 17
2019/7/16, 15, 29, 20
2019/7/17, 21, 37, 26
2019/7/18, 20, 33, 25
2019/7/19, 29, 21, 24
2019/7/20, 22, , 12
2019/7/21, 17, 35, 24
2019/7/22, 21, 30, 24
2019/7/23, 23, 39, 26
2019/7/24, 23, 40, 21
2019/7/25, 27, 37, 13
2019/7/26, 19, 36, 10
2019/7/27, 23, 52, 14
2019/7/28, 19, 54, 32
2019/7/29, 34, 28, 20
2019/7/30, 29, 29, 24
2019/7/31, 30, 31, 23
2019/8/1, 16, 34, 26
2019/8/2, 19, 31, 19
2019/8/3, 19, 30, 17
2019/8/4, 14, 35, 30
2019/8/5, 28, 24, 27
2019/8/6, 24, , 29
2019/8/7, 24, 32, 25
2019/8/8, 21, 40, 31
2019/8/9, 22, 31, 17
2019/8/10, 17, 33, 18
2019/8/11, 16, 29, 27
2019/8/12, 20, 30, 22
2019/8/13, 18, 31, 26
2019/8/14, 16, 26, 28
2019/8/15, 25, 21, 22
2019/8/16, 18, 28, 22
2019/8/17, 20, 22, 14
2019/8/18, 10, 28, 23
2019/8/19, 17, 29, 35
2019/8/20, 24, 35, 29
2019/8/21, 16, 43, 36
2019/8/22, 28, 43, 32
2019/8/23, 26, 46, 24
2019/8/24, 27, 45, 16
2019/8/25, 19, 51, 29
2019/8/26, 30, 45, 34
2019/8/27, 29, 48, 36
2019/8/28, 33, 50, 33
2019/8/29, 22, 52, 25
2019/8/30, 27, 60, 28
2019/8/31, 24, 46, 16
2019/9/1, 23, 26, 21
2019/9/2, 16, 26, 29
2019/9/3, 23, 38, 30
2019/9/4, 29, 25, 22
2019/9/5, 19, 27, 23
2019/9/6, 20, 25, 26
2019/9/7, 21, 34, 15
2019/9/8, 14, 22, 20
2019/9/9, 11, 33, 24
2019/9/10, 15, 37, 29
2019/9/11, 28, 23, 24
2019/9/12, 18, 22, 21
2019/9/13, 18, 25, 24
2019/9/14, 17, 32, 19
2019/9/15, 20, 19, 22
2019/9/16, 23, 19, 19
2019/9/17, 16, 24, 18
2019/9/18, 15, 20, 23
2019/9/19, 15, 17, 28
2019/9/20, 18, 26, 27
2019/9/21, 21, 27, 25
2019/9/22, 23, 31, 34
2019/9/23, 32, 16, 28
2019/9/24, 40, 8, 28
2019/9/25, 28, 14, 25
2019/9/26, 24, 10, 25
2019/9/27, 15, 14, 20
2019/9/28, 14, 16, 14
2019/9/29, 11, 21, 18
2019/9/30, 9, 13, 22
2019/4/1, 17, 32, 28
2019/4/2, 28, 39, 33
2019/4/3, 53, 41, 33
2019/4/4, 44, 28, 25
2019/4/5, 49, 46, 24
2019/4/6, 45, 45, 19
2019/4/7, 42, 45, 27
2019/4/8, 62, 40, 15
2019/4/9, 26, 34, 19
2019/4/10, 24, 29, 14
2019/4/11, 16, 27, 16
2019/4/12, 16, 31, 15
2019/4/13, 23, 28, 12
2019/4/14, 22, 40, 19
2019/4/15, 22, 43, 27
2019/4/16, 29, 40, 26
2019/4/17, 32, 45, 31
2019/4/18, 35, 54, 19
2019/4/19, 31, 50, 22
2019/4/20, 25, 46, 19
2019/4/21, 20, 43, 12
2019/4/22, 24, 44, 19
2019/4/23, 42, 36, 22
2019/4/24, 35, 42, 28
2019/4/25, 28, 41, 28
2019/4/26, 39, 32, 18
2019/4/27, 21, 25, 14
2019/4/28, 12, 33, 17
2019/4/29, 20, 43, 23
2019/4/30, 17, 34, 19
2019/5/1, 28, 27, 24
2019/5/2, 25, 32, 23
2019/5/3, 17, 29, 20
2019/5/4, 14, 33, 19
2019/5/5, 11, 30, 26
2019/5/6, 23, 28, 25
2019/5/7, 15, 40, 28
2019/5/8, 26, 34, 26
2019/5/9, 20, 27, 26
2019/5/10, 20, 35, 22
2019/5/11, 21, 34, 11
2019/5/12, 14, 31, 20
2019/5/13, 17, 31, 13
2019/5/14, 15, 31, 14
2019/5/15, 13, 26, 19
2019/5/16, 13, 31, 25
2019/5/17, 24, 40, 23
2019/5/18, 23, 42, 21
2019/5/19, 24, 35, 22
2019/5/20, 24, 36, 26
2019/5/21, 24, 25, 19
2019/5/22, 17, 33, 22
2019/5/23, 17, 47, 33
2019/5/24, 27, 31, 17
2019/5/25, 16, 36, 15
2019/5/26, 16, 26, 24
2019/5/27, 26, 30, 21
2019/5/28, 20, 33, 22
2019/5/29, 14, 39, 19
2019/5/30, 13, 24, 24
2019/5/31, 22, 34, 23
2019/6/1, 29, 42, 20
2019/6/2, 21, 43, 37
2019/6/3, 33, 55, 31
2019/6/4, 26, 53, 34
2019/6/5, 33, 43, 28
2019/6/6, 30, 42, 25
2019/6/7, 19, 34, 16
2019/6/8, 18, 36, 15
2019/6/9, 13, 42, 16
2019/6/10, 21, 46, 26
2019/6/11, 30, 43, 28
2019/6/12, 23, 38, 26
2019/6/13, 18, 48, 34
2019/6/14, 21, 51, 22
2019/6/15, 28, 37, 15
2019/6/16, 11, 51, 32
2019/6/17, 21, 43, 31
2019/6/18, 22, 54, 39
2019/6/19, 29, 39, 32
2019/6/20, 19, 37, 24
2019/6/21, 17, 40, 16
2019/6/22, 16, 44, 9
2019/6/23, 12, 40, 23
2019/6/24, 18, 59, 36
2019/6/25, 31, 55, 34
2019/6/26, 39, 34, 16
2019/6/27, 25, 35, 19
2019/6/28, 21, 45, 25
2019/6/29, 19, 63, 25
2019/6/30, 25, 38, 24
2019/1/1, 52, 24, 14
2019/1/2, 14, 12, 28
2019/1/3, 19, 10, 27
2019/1/4, 21, 20, 15
2019/1/5, 12, 18, 19
2019/1/6, 15, 9, 29
2019/1/7, 22, 20, 22
2019/1/8, 11, 18, 15
2019/1/9, 8, 19, 21
2019/1/10, 11, 12, 26
2019/1/11, 20, 22, 20
2019/1/12, 21, 23, 13
2019/1/13, 9, 27, 19
2019/1/14, 19, 13, 24
2019/1/15, 19, 16, 21
2019/1/16, 21, 17, 26
2019/1/17, 19, 21, 26
2019/1/18, 19, 13, 28
2019/1/19, 33, 13, 24
2019/1/20, 41, 7, 30
2019/1/21, 43, 7, 30
2019/1/22, 52, 14, 25
2019/1/23, 57, 17, 23
2019/1/24, 45, 14, 26
2019/1/25, 45, 6, 27
2019/1/26, 31, 13, 21
2019/1/27, 14, 14, 27
2019/1/28, 20, 10, 29
2019/1/29, 20, 17, 28
2019/1/30, 31, 6, 32
2019/1/31, 46, 5, 29
2019/2/1, 56, 5, 23
2019/2/2, 55, 12, 14
2019/2/3, 26, 12, 27
2019/2/4, 24, 13, 29
2019/2/5, 27, 11, 27
2019/2/6, 38, 11, 28
2019/2/7, 36, 17, 23
2019/2/8, 34, 26, 18
2019/2/9, 17, 22, 16
2019/2/10, 10, 24, 22
2019/2/11, 42, 25, 26
2019/2/12, 19, 9, 24
2019/2/13, 33, 14, 33
2019/2/14, 41, 7, 44
2019/2/15, 44, 17, 37
2019/2/16, 35, 8, 35
2019/2/17, 40, 5, 42
2019/2/18, 50, 19, 31
2019/2/19, 35, 18, 28
2019/2/20, 24, 16, 30
2019/2/21, 31, 26, 16
2019/2/22, 14, 20, 29
2019/2/23, 24, 14, 37
2019/2/24, 34, 13, 42
2019/2/25, 50, 9, 34
2019/2/26, 50, 15, 41
2019/2/27, 52, 15, 31
2019/2/28, 47, 18, 25
2019/3/1, 42, 23, 27
2019/3/2, 23, 23, 13
2019/3/3, 18, 30, 21
2019/3/4, 20, 25, 23
2019/3/5, 16, 23, 25
2019/3/6, 20, 26, 26
2019/3/7, 22, 29, 15
2019/3/8, 15, 29, 18
2019/3/9, 12, 31, 16
2019/3/10, 11, 24, 25
2019/3/11, 13, 26, 23
2019/3/12, 20, 28, 17
2019/3/13, 15, 25, 22
2019/3/14, 12, 29, 20
2019/3/15, 13, 30, 20
2019/3/16, 13, 28, 13
2019/3/17, 9, 27, 22
2019/3/18, 13, 26, 28
2019/3/19, 18, 30, 32
2019/3/20, 31, 17, 29
2019/3/21, 35, 12, 29
2019/3/22, 36, 19, 18
2019/3/23, 41, 28, 19
2019/3/24, 19, 27, 26
2019/3/25, 15, 26, 25
2019/3/26, 16, 19, 27
2019/3/27, 18, 11, 23
2019/3/28, 16, 20, 27
2019/3/29, 27, 32, 31
2019/3/30, 30, 34, 17
2019/3/31, 23, 33, 30
2018/10/1, 30, 16, 22
2018/10/2, 14, 24, 14
2018/10/3, 14, 16, 27
2018/10/4, 19, 21, 33
2018/10/5, 31, 23, 35
2018/10/6, 32, 22, 21
2018/10/7, 21, 16, 36
2018/10/8, 25, 6, 39
2018/10/9, 44, 29, 34
2018/10/10, 42, 30, 37
2018/10/11, 51, 26, 49
2018/10/12, 54, 30, 39
2018/10/13, 48, 35, 23
2018/10/14, 46, 25, 41
2018/10/15, 53, 14, 47
2018/10/16, 65, 6, 50
2018/10/17, 69, 10, 36
2018/10/18, 58, 21, 27
2018/10/19, 21, 23, 31
2018/10/20, 27, 19, 26
2018/10/21, 27, 14, 32
2018/10/22, 30, 17, 20
2018/10/23, 15, 29, 21
2018/10/24, 16, 22, 26
2018/10/25, 13, 21, 25
2018/10/26, 22, 22, 17
2018/10/27, 15, 18, 11
2018/10/28, 10, 17, 17
2018/10/29, 15, 18, 22
2018/10/30, 32, 17, 27
2018/10/31, 22, 3, 31
2018/11/1, 40, 10, 32
2018/11/2, 31, 13, 29
2018/11/3, 33, 6, 18
2018/11/4, 40, 5, 30
2018/11/5, 50, 10, 35
2018/11/6, 44, 5, 35
2018/11/7, 51, 3, 31
2018/11/8, 43, 2, 26
2018/11/9, 37, 5, 20
2018/11/10, 39, 2, 19
2018/11/11, 34, 3, 27
2018/11/12, 34, 10, 28
2018/11/13, 22, 11, 29
2018/11/14, 32, 6, 30
2018/11/15, 31, 14, 31
2018/11/16, 32, 8, 19
2018/11/17, 38, 11, 19
2018/11/18, 37, 14, 17
2018/11/19, 15, 16, 18
2018/11/20, 30, 12, 19
2018/11/21, 39, 13, 25
2018/11/22, 39, 8, 21
2018/11/23, 46, , 20
2018/11/24, 50, 1, 15
2018/11/25, 48, 10, 18
2018/11/26, 34, 4, 29
2018/11/27, 38, 12, 32
2018/11/28, 33, 10, 27
2018/11/29, 41, 14, 27
2018/11/30, 35, 2, 26
2018/12/1, 39, 9, 19
2018/12/2, 20, 11, 29
2018/12/3, 17, 16, 26
2018/12/4, 18, 10, 32
2018/12/5, 31, 1, 29
2018/12/6, 29, 12, 28
2018/12/7, 17, 22, 23
2018/12/8, 10, 24, 14
2018/12/9, 9, 21, 22
2018/12/10, 15, 12, 15
2018/12/11, 12, 10, 20
2018/12/12, 21, 5, 20
2018/12/13, 29, 10, 23
2018/12/14, 33, 11, 17
2018/12/15, 28, 9, 16
2018/12/16, 32, 3, 27
2018/12/17, 42, 1, 29
2018/12/18, 34, 5, 26
2018/12/19, 29, 2, 30
2018/12/20, 39, 11, 28
2018/12/21, 16, 22, 19
2018/12/22, 13, 15, 19
2018/12/23, 17, 17, 14
2018/12/24, 13, 15, 12
2018/12/25, 12, 17, 13
2018/12/26, 19, 8, 22
2018/12/27, 23, 11, 26
2018/12/28, 23, 5, 23
2018/12/29, 25, 25, 11
2018/12/30, 12, , 
2018/7/1, 10, 30, 22
2018/7/2, 20, 39, 34
2018/7/3, 24, 64, 44
2018/7/4, 30, 47, 42
2018/7/5, 35, 28, 22
2018/7/6, 23, 33, 17
2018/7/7, 24, 31, 12
2018/7/8, 22, 26, 22
2018/7/9, 25, 22, 25
2018/7/10, 27, 37, 25
2018/7/11, 19, 21, 22
2018/7/12, 19, 30, 28
2018/7/13, 29, 29, 16
2018/7/14, 23, 31, 15
2018/7/15, 14, 39, 30
2018/7/16, 25, 38, 25
2018/7/17, 25, 39, 22
2018/7/18, 30, 35, 26
2018/7/19, 26, 45, 33
2018/7/20, 28, 42, 22
2018/7/21, 23, 57, 23
2018/7/22, 27, 37, 23
2018/7/23, 24, 30, 25
2018/7/24, 24, 33, 26
2018/7/25, 26, 43, 22
2018/7/26, 26, 39, 24
2018/7/27, 28, 50, 23
2018/7/28, 24, 46, 18
2018/7/29, 19, 51, 32
2018/7/30, 23, 57, 39
2018/7/31, 28, 44, 30
2018/8/1, 32, 46, 22
2018/8/2, 22, 68, 30
2018/8/3, 26, 64, 25
2018/8/4, 27, 33, 11
2018/8/5, 14, 41, 31
2018/8/6, 20, 61, 39
2018/8/7, 26, 61, 39
2018/8/8, 35, 68, 31
2018/8/9, 34, 34, 23
2018/8/10, 19, 30, 19
2018/8/11, 19, 44, 19
2018/8/12, 15, 45, 40
2018/8/13, 30, 26, 21
2018/8/14, 19, 27, 23
2018/8/15, 18, 41, 37
2018/8/16, 31, 55, 36
2018/8/17, 33, 37, 20
2018/8/18, 20, 52, 30
2018/8/19, 26, 20, 29
2018/8/20, 28, 28, 21
2018/8/21, 19, 38, 35
2018/8/22, 35, 51, 49
2018/8/23, 51, 27, 27
2018/8/24, 37, 26, 21
2018/8/25, 36, 25, 17
2018/8/26, 13, 26, 28
2018/8/27, 28, 23, 25
2018/8/28, 24, 42, 36
2018/8/29, 31, 32, 31
2018/8/30, 30, 24, 25
2018/8/31, 19, 33, 24
2018/9/1, 22, 30, 16
2018/9/2, 19, 41, 22
2018/9/3, 26, 39, 22
2018/9/4, 26, 37, 22
2018/9/5, 27, 37, 24
2018/9/6, 31, 32, 33
2018/9/7, 31, 31, 25
2018/9/8, 19, 41, 30
2018/9/9, 27, 33, 45
2018/9/10, 41, 32, 31
2018/9/11, 36, 24, 24
2018/9/12, 25, 21, 19
2018/9/13, 14, 15, 29
2018/9/14, 25, 22, 22
2018/9/15, 22, 29, 25
2018/9/16, 22, 30, 50
2018/9/17, 44, 41, 56
2018/9/18, 52, 13, 44
2018/9/19, 52, , 44
2018/9/20, 67, 26, 33
2018/9/21, 53, 22, 17
2018/9/22, 16, 20, 15
2018/9/23, 12, 21, 22
2018/9/24, 13, 21, 27
2018/9/25, 16, 24, 28
2018/9/26, 23, 19, 28
2018/9/27, 26, 23, 23
2018/9/28, 20, 20, 26
2018/9/29, 18, 25, 30
2018/9/30, 26, 13, 34
2018/4/1, 13, 36, 20
2018/4/2, 39, 21, 34
2018/4/3, 33, 34, 36
2018/4/4, 37, 29, 25
2018/4/5, 19, 28, 29
2018/4/6, 22, 31, 27
2018/4/7, 28, 39, 22
2018/4/8, 30, 41, 46
2018/4/9, 48, 42, 32
2018/4/10, 47, 29, 18
2018/4/11, 48, 36, 23
2018/4/12, 50, 29, 28
2018/4/13, 47, 28, 24
2018/4/14, 35, 24, 28
2018/4/15, 38, 18, 31
2018/4/16, 38, 35, 34
2018/4/17, 37, 42, 46
2018/4/18, 45, 39, 42
2018/4/19, 45, 41, 43
2018/4/20, 37, 39, 27
2018/4/21, 35, 43, 26
2018/4/22, 28, 38, 31
2018/4/23, 36, 25, 28
2018/4/24, 31, 29, 24
2018/4/25, 29, 24, 31
2018/4/26, 17, 33, 33
2018/4/27, 24, 40, 29
2018/4/28, 30, 43, 25
2018/4/29, 29, 36, 26
2018/4/30, 36, 34, 15
2018/5/1, 19, 27, 34
2018/5/2, 31, 37, 26
2018/5/3, 31, 40, 26
2018/5/4, 20, 40, 18
2018/5/5, 17, 38, 16
2018/5/6, 18, 39, 37
2018/5/7, 29, 43, 32
2018/5/8, 39, 42, 34
2018/5/9, 45, 37, 21
2018/5/10, 36, 24, 23
2018/5/11, 36, 6, 23
2018/5/12, 32, , 19
2018/5/13, 32, 44, 24
2018/5/14, 42, 40, 27
2018/5/15, 38, 41, 20
2018/5/16, 32, 32, 26
2018/5/17, 38, 22, 25
2018/5/18, 31, 35, 18
2018/5/19, 31, 38, 16
2018/5/20, 19, 45, 18
2018/5/21, 23, 47, 30
2018/5/22, 30, 44, 21
2018/5/23, 29, 44, 23
2018/5/24, 32, 43, 26
2018/5/25, 31, 47, 23
2018/5/26, 28, 51, 18
2018/5/27, 29, 57, 36
2018/5/28, 37, 62, 34
2018/5/29, 38, 53, 40
2018/5/30, 41, 53, 38
2018/5/31, 41, 59, 40
2018/6/1, 44, 37, 24
2018/6/2, 40, 36, 17
2018/6/3, 33, 43, 32
2018/6/4, 29, 35, 26
2018/6/5, 34, 38, 23
2018/6/6, 25, 46, 31
2018/6/7, 25, 53, 35
2018/6/8, 28, 67, 27
2018/6/9, 29, 46, 24
2018/6/10, 32, 37, 29
2018/6/11, 31, 29, 22
2018/6/12, 24, 21, 23
2018/6/13, 20, 37, 31
2018/6/14, 23, 31, 35
2018/6/15, 30, 44, 31
2018/6/16, 30, 39, 20
2018/6/17, 28, 32, 30
2018/6/18, 27, 32, 27
2018/6/19, 25, 34, 32
2018/6/20, 30, 28, 29
2018/6/21, 27, 24, 20
2018/6/22, 16, 22, 15
2018/6/23, 15, 15, 13
2018/6/24, 13, 23, 22
2018/6/25, 26, 24, 20
2018/6/26, 27, 34, 17
2018/6/27, 16, 40, 21
2018/6/28, 23, 42, 25
2018/6/29, 21, 28, 11
2018/6/30, 13, 29, 11
2018/1/1, 35, 13, 28
2018/1/2, 17, 23, 21
2018/1/3, 12, 25, 23
2018/1/4, 15, 21, 29
2018/1/5, 18, 11, 33
2018/1/6, 25, 19, 13
2018/1/7, 12, 17, 30
2018/1/8, 27, 14, 30
2018/1/9, 35, 2, 30
2018/1/10, 51, , 26
2018/1/11, 51, 2, 20
2018/1/12, 48, 18, 18
2018/1/13, 36, 15, 18
2018/1/14, 29, 10, 23
2018/1/15, 35, 15, 28
2018/1/16, 19, 17, 31
2018/1/17, 27, 21, 23
2018/1/18, 13, 14, 33
2018/1/19, 22, 11, 30
2018/1/20, 26, 9, 22
2018/1/21, 32, 14, 28
2018/1/22, 37, 9, 29
2018/1/23, 41, 12, 23
2018/1/24, 18, 14, 34
2018/1/25, 17, 9, 35
2018/1/26, 33, 12, 25
2018/1/27, 37, 18, 11
2018/1/28, 17, 20, 18
2018/1/29, 23, 19, 25
2018/1/30, 21, 11, 26
2018/1/31, 18, 21, 31
2018/2/1, 26, 14, 28
2018/2/2, 22, 12, 20
2018/2/3, 20, 16, 17
2018/2/4, 20, 24, 25
2018/2/5, 28, 21, 43
2018/2/6, 42, 16, 27
2018/2/7, 57, 12, 42
2018/2/8, 63, 10, 40
2018/2/9, 63, 7, 28
2018/2/10, 61, 17, 20
2018/2/11, 32, 11, 27
2018/2/12, 27, 17, 39
2018/2/13, 48, 16, 41
2018/2/14, 49, 16, 27
2018/2/15, 46, 13, 32
2018/2/16, 46, 16, 34
2018/2/17, 39, 24, 28
2018/2/18, 28, 16, 38
2018/2/19, 43, 18, 28
2018/2/20, 49, 21, 30
2018/2/21, 39, 23, 30
2018/2/22, 32, 24, 22
2018/2/23, 36, 29, 19
2018/2/24, 22, 28, 18
2018/2/25, 19, 26, 22
2018/2/26, 27, 25, 32
2018/2/27, 36, 26, 24
2018/2/28, 44, 24, 24
2018/3/1, 39, 24, 25
2018/3/2, 54, 27, 27
2018/3/3, 54, 30, 27
2018/3/4, 58, 19, 43
2018/3/5, 64, 22, 39
2018/3/6, 62, 16, 39
2018/3/7, 53, 18, 36
2018/3/8, 77, 22, 33
2018/3/9, 43, 6, 35
2018/3/10, 38, 24, 31
2018/3/11, 31, 16, 37
2018/3/12, 42, 18, 24
2018/3/13, 34, 15, 24
2018/3/14, 26, 22, 22
2018/3/15, 32, 25, 15
2018/3/16, 28, 29, 11
2018/3/17, 25, 32, 12
2018/3/18, 23, 31, 26
2018/3/19, 29, 23, 36
2018/3/20, 31, 23, 36
2018/3/21, 27, 17, 29
2018/3/22, 33, 18, 32
2018/3/23, 27, 22, 30
2018/3/24, 35, 34, 33
2018/3/25, 49, 23, 38
2018/3/26, 44, 26, 32
2018/3/27, 28, 20, 28
2018/3/28, 38, 24, 28
2018/3/29, 27, 32, 24
2018/3/30, 28, 25, 22
2018/3/31, 33, 24, 15
2017/10/1, 30, 11, 23
2017/10/2, 20, 17, 16
2017/10/3, 18, 17, 22
2017/10/4, 24, 20, 20
2017/10/5, 15, 19, 27
2017/10/6, 13, 19, 19
2017/10/7, 15, 24, 17
2017/10/8, 11, 15, 31
2017/10/9, 15, 7, 28
2017/10/10, 23, 12, 22
2017/10/11, 23, 18, 22
2017/10/12, 17, 15, 30
2017/10/13, 26, 7, 23
2017/10/14, 32, 18, 28
2017/10/15, 34, 17, 38
2017/10/16, 65, 15, 40
2017/10/17, 56, 7, 37
2017/10/18, 56, 3, 29
2017/10/19, 52, 3, 32
2017/10/20, 47, 6, 27
2017/10/21, 25, 19, 18
2017/10/22, 17, 8, 32
2017/10/23, 25, 7, 32
2017/10/24, 30, 12, 23
2017/10/25, 19, 14, 30
2017/10/26, 23, 16, 24
2017/10/27, 15, 19, 16
2017/10/28, 14, 26, 13
2017/10/29, 10, 21, 26
2017/10/30, 15, 16, 19
2017/10/31, 16, 7, 24
2017/11/1, 25, 9, 28
2017/11/2, 29, 13, 33
2017/11/3, 32, 7, 26
2017/11/4, 36, 12, 23
2017/11/5, 31, 11, 29
2017/11/6, 25, 15, 25
2017/11/7, 26, 11, 22
2017/11/8, 46, 10, 26
2017/11/9, 48, 11, 22
2017/11/10, 25, 20, 22
2017/11/11, 13, 17, 23
2017/11/12, 21, 8, 28
2017/11/13, 21, 8, 29
2017/11/14, 28, 3, 33
2017/11/15, 31, 3, 27
2017/11/16, 38, 11, 35
2017/11/17, 34, 16, 25
2017/11/18, 22, 20, 14
2017/11/19, 12, 13, 29
2017/11/20, 16, 5, 28
2017/11/21, 20, 5, 29
2017/11/22, 24, 6, 41
2017/11/23, 28, 10, 34
2017/11/24, 25, 12, 25
2017/11/25, 17, 5, 18
2017/11/26, 24, 6, 22
2017/11/27, 20, 12, 24
2017/11/28, 14, 9, 32
2017/11/29, 31, 2, 32
2017/11/30, 38, 3, 28
2017/12/1, 35, 4, 24
2017/12/2, 30, , 
2017/12/4, 16, 13, 26
2017/12/5, 16, 17, 22
2017/12/6, 30, 19, 24
2017/12/7, 23, 16, 25
2017/12/8, 18, 16, 22
2017/12/9, 17, 18, 19
2017/12/10, 16, 14, 33
2017/12/11, 22, 15, 22
2017/12/12, 16, 14, 25
2017/12/13, 22, 17, 28
2017/12/14, 13, 10, 37
2017/12/15, 23, 8, 27
2017/12/16, 31, 13, 20
2017/12/17, 16, 6, 35
2017/12/18, 28, 1, 30
2017/12/19, 30, 1, 33
2017/12/20, 30, 10, 25
2017/12/21, 19, 12, 27
2017/12/22, 22, 14, 16
2017/12/23, 20, 19, 10
2017/12/24, 18, 21, 12
2017/12/25, 11, 17, 16
2017/12/26, 15, 12, 28
2017/12/27, 21, 12, 30
2017/12/28, 23, 13, 29
2017/12/29, 25, 14, 24
2017/12/30, 18, , 
2017/7/1, 18, 21, 15
2017/7/2, 20, 21, 26
2017/7/3, 16, 23, 24
2017/7/4, 18, 24, 31
2017/7/5, 16, 27, 37
2017/7/6, 21, 34, 38
2017/7/7, 27, 22, 27
2017/7/8, 30, 28, 19
2017/7/9, 17, 22, 32
2017/7/10, 27, 26, 30
2017/7/11, 25, 22, 31
2017/7/12, 25, 23, 24
2017/7/13, 19, 27, 36
2017/7/14, 24, 28, 26
2017/7/15, 25, 28, 19
2017/7/16, 19, 24, 26
2017/7/17, 19, 30, 31
2017/7/18, 26, 41, 29
2017/7/19, 29, 39, 40
2017/7/20, 36, 27, 26
2017/7/21, 26, 32, 20
2017/7/22, 21, 27, 20
2017/7/23, 31, 28, 37
2017/7/24, 23, 21, 24
2017/7/25, 17, 15, 21
2017/7/26, 18, 26, 32
2017/7/27, 24, 27, 26
2017/7/28, 23, 28, 24
2017/7/29, 23, 38, 24
2017/7/30, 23, 32, 34
2017/7/31, 26, 35, 34
2017/8/1, 26, 35, 32
2017/8/2, 25, 29, 35
2017/8/3, 34, 29, 27
2017/8/4, 24, 25, 21
2017/8/5, 18, 24, 17
2017/8/6, 15, 36, 35
2017/8/7, 22, 41, 31
2017/8/8, 28, 36, 29
2017/8/9, 25, 39, 21
2017/8/10, 23, 28, 26
2017/8/11, 28, 25, 15
2017/8/12, 15, 20, 14
2017/8/13, 14, 29, 33
2017/8/14, 22, 37, 30
2017/8/15, 27, 26, 33
2017/8/16, 26, 35, 32
2017/8/17, 30, 21, 29
2017/8/18, 23, 25, 17
2017/8/19, 16, 26, 14
2017/8/20, 15, 18, 23
2017/8/21, 16, 20, 24
2017/8/22, 16, 27, 33
2017/8/23, 24, 17, 38
2017/8/24, 36, 18, 25
2017/8/25, 34, 30, 29
2017/8/26, 34, 29, 18
2017/8/27, 29, 29, 35
2017/8/28, 21, 37, 40
2017/8/29, 37, 41, 39
2017/8/30, 40, 31, 28
2017/8/31, 28, 20, 24
2017/9/1, 17, 24, 22
2017/9/2, 16, 23, 22
2017/9/3, 15, 28, 31
2017/9/4, 17, 35, 38
2017/9/5, 26, , 53
2017/9/6, 46, , 
2017/9/11, 19, 17, 23
2017/9/12, 17, 23, 21
2017/9/13, 16, 17, 24
2017/9/14, 12, 18, 27
2017/9/15, 16, 20, 27
2017/9/16, 18, 23, 28
2017/9/17, 28, 22, 36
2017/9/18, 21, 19, 36
2017/9/19, 30, 15, 31
2017/9/20, 26, 18, 33
2017/9/21, 31, 21, 32
2017/9/22, 28, 17, 26
2017/9/23, 35, 10, 16
2017/9/24, 31, 9, 23
2017/9/25, 41, 13, 22
2017/9/26, 41, 14, 22
2017/9/27, 50, 15, 35
2017/9/28, 49, 24, 31
2017/9/29, 50, 29, 27
2017/9/30, 42, 18, 22
2017/4/1, 46, 36, 20
2017/4/2, 29, 28, 31
2017/4/3, 25, 22, 28
2017/4/4, 32, 27, 30
2017/4/5, 31, 31, 24
2017/4/6, 19, 23, 25
2017/4/7, 18, 24, 22
2017/4/8, 16, 33, 28
2017/4/9, 28, 33, 32
2017/4/10, 38, 22, 24
2017/4/11, 15, 18, 26
2017/4/12, 34, 27, 26
2017/4/13, 16, 30, 16
2017/4/14, 13, 25, 22
2017/4/15, 28, 26, 19
2017/4/16, 16, 31, 24
2017/4/17, 14, 31, 20
2017/4/18, 17, 33, 17
2017/4/19, 12, 33, 33
2017/4/20, 18, 23, 32
2017/4/21, 32, 29, 18
2017/4/22, 15, 27, 16
2017/4/23, 12, 31, 29
2017/4/24, 17, 27, 31
2017/4/25, 24, 30, 40
2017/4/26, 17, 26, 39
2017/4/27, 22, 28, 44
2017/4/28, 32, 30, 28
2017/4/29, 24, 37, 25
2017/4/30, 20, 39, 14
2017/5/1, 26, 33, 22
2017/5/2, 26, 28, 21
2017/5/3, 34, 26, 20
2017/5/4, 17, 20, 28
2017/5/5, 27, 34, 24
2017/5/6, 27, 35, 18
2017/5/7, 19, 27, 27
2017/5/8, 15, 24, 32
2017/5/9, 14, 25, 30
2017/5/10, 20, 40, 37
2017/5/11, 25, 45, 30
2017/5/12, 34, 29, 33
2017/5/13, 33, 32, 27
2017/5/14, 33, 34, 33
2017/5/15, 25, 29, 40
2017/5/16, 27, 42, 39
2017/5/17, 23, 44, 42
2017/5/18, 34, 47, 46
2017/5/19, 42, 35, 19
2017/5/20, 25, 40, 22
2017/5/21, 20, 45, 35
2017/5/22, 24, 48, 39
2017/5/23, 33, 27, 25
2017/5/24, 19, 28, 18
2017/5/25, 18, 28, 26
2017/5/26, 20, 35, 30
2017/5/27, 17, 48, 27
2017/5/28, 18, 44, 41
2017/5/29, 25, 39, 38
2017/5/30, 30, 33, 26
2017/5/31, 25, 32, 26
2017/6/1, 22, 37, 34
2017/6/2, 23, 32, 29
2017/6/3, 19, 30, 23
2017/6/4, 24, 35, 24
2017/6/5, 19, 34, 34
2017/6/6, 26, 24, 18
2017/6/7, 16, 24, 25
2017/6/8, 18, 38, 37
2017/6/9, 23, 33, 22
2017/6/10, 15, 40, 30
2017/6/11, 19, 31, 28
2017/6/12, 23, 26, 27
2017/6/13, 19, 27, 25
2017/6/14, 18, 39, 40
2017/6/15, 20, 27, 24
2017/6/16, 21, 28, 14
2017/6/17, 15, 29, 19
2017/6/18, 15, 37, 35
2017/6/19, 19, 40, 36
2017/6/20, 26, 30, 33
2017/6/21, 19, 34, 41
2017/6/22, 25, 32, 33
2017/6/23, 22, 27, 23
2017/6/24, 23, 22, 16
2017/6/25, 15, 24, 25
2017/6/26, 16, 34, 27
2017/6/27, 21, 36, 32
2017/6/28, 24, 25, 33
2017/6/29, 33, 21, 25
2017/6/30, 16, 21, 25
2017/1/2, 24, 16, 22
2017/1/3, 17, 26, 22
2017/1/4, 13, 23, 19
2017/1/5, 12, 17, 35
2017/1/6, 16, 12, 28
2017/1/7, 25, 5, 28
2017/1/8, 41, 4, 30
2017/1/9, 34, 12, 31
2017/1/10, 29, 13, 26
2017/1/11, 36, 22, 27
2017/1/12, 20, 15, 30
2017/1/13, 17, 15, 29
2017/1/14, 20, 19, 18
2017/1/15, 14, 13, 31
2017/1/16, 16, 5, 44
2017/1/17, 29, 3, 36
2017/1/18, 37, 9, 31
2017/1/19, 39, 1, 34
2017/1/20, 44, 5, 32
2017/1/21, 32, 11, 26
2017/1/22, 36, 5, 28
2017/1/23, 44, 3, 25
2017/1/24, 41, 1, 29
2017/1/25, 39, 7, 31
2017/1/26, 43, 11, 43
2017/1/27, 57, 15, 38
2017/1/28, 55, 11, 33
2017/1/29, 53, 10, 38
2017/1/30, 50, 9, 33
2017/1/31, 46, 9, 34
2017/2/1, 60, 5, 36
2017/2/2, 53, 3, 33
2017/2/3, 55, 3, 29
2017/2/4, 51, 4, 21
2017/2/5, 48, 20, 22
2017/2/6, 38, 20, 22
2017/2/7, 38, 17, 24
2017/2/8, 50, 16, 28
2017/2/9, 57, 18, 27
2017/2/10, 63, 20, 25
2017/2/11, 57, , 
2017/2/13, 62, 6, 40
2017/2/14, 70, 8, 62
2017/2/15, 95, 8, 49
2017/2/16, 84, 7, 33
2017/2/17, 37, 14, 29
2017/2/18, 23, 17, 21
2017/2/19, 29, 13, 24
2017/2/20, 28, 19, 28
2017/2/21, 18, 26, 25
2017/2/22, 14, 20, 29
2017/2/23, 16, 27, 26
2017/2/24, 14, 25, 27
2017/2/25, 25, 24, 20
2017/2/26, 19, 21, 40
2017/2/27, 35, 29, 27
2017/2/28, 20, 23, 32
2017/3/1, 17, 19, 29
2017/3/2, 15, 23, 36
2017/3/3, 27, 24, 39
2017/3/4, 30, 28, 23
2017/3/5, 20, 14, 41
2017/3/6, 29, 19, 25
2017/3/7, 20, 21, 29
2017/3/8, 29, 18, 35
2017/3/9, 28, 27, 30
2017/3/10, 20, 24, 29
2017/3/11, 25, 16, 23
2017/3/12, 32, 16, 39
2017/3/13, 44, 15, 39
2017/3/14, 43, 24, 26
2017/3/15, 31, 21, 35
2017/3/16, 32, 23, 34
2017/3/17, 35, 30, 18
2017/3/18, 17, 25, 23
2017/3/19, 14, 16, 27
2017/3/20, 20, 21, 28
2017/3/21, 19, 25, 37
2017/3/22, 25, 22, 28
2017/3/23, 29, 32, 32
2017/3/24, 24, 32, 34
2017/3/25, 22, 11, 28
2017/3/26, 22, 28, 50
2017/3/27, 62, 29, 51
2017/3/28, 52, 22, 38
2017/3/29, 38, 22, 35
2017/3/30, 35, 34, 41
2017/3/31, 34, 38, 39
2016/10/1, 26, 17, 22
2016/10/2, 21, 21, 20
2016/10/3, 17, 22, 13
2016/10/4, 12, 19, 18
2016/10/5, 9, 17, 15
2016/10/6, 12, 8, 20
2016/10/7, 17, 15, 16
2016/10/8, 11, 11, 19
2016/10/9, 11, 7, 27
2016/10/10, 19, 4, 22
2016/10/11, 17, 4, 16
2016/10/12, 19, 10, 20
2016/10/13, 26, 16, 24
2016/10/14, 39, 8, 24
2016/10/15, 36, 2, 17
2016/10/16, 50, 3, 21
2016/10/17, 38, 2, 23
2016/10/18, 42, 7, 34
2016/10/19, 28, 6, 32
2016/10/20, 24, 5, 32
2016/10/21, 29, 8, 24
2016/10/22, 29, 4, 20
2016/10/23, 28, 2, 24
2016/10/24, 50, 2, 24
2016/10/25, 44, 4, 30
2016/10/26, 29, 1, 27
2016/10/27, 43, 7, 24
2016/10/28, 29, 22, 26
2016/10/29, 18, 21, 23
2016/10/30, 17, 2, 37
2016/10/31, 30, 11, 27
2016/11/1, 25, 17, 24
2016/11/2, 13, 9, 34
2016/11/3, 22, 3, 30
2016/11/4, 28, 2, 27
2016/11/5, 30, 7, 24
2016/11/6, 28, 11, 23
2016/11/7, 15, 10, 27
2016/11/8, 23, 12, 28
2016/11/9, 23, 2, 28
2016/11/10, 48, 7, 26
2016/11/11, 51, 7, 32
2016/11/12, 42, 9, 35
2016/11/13, 43, 6, 43
2016/11/14, 45, 5, 29
2016/11/15, 26, 5, 26
2016/11/16, 18, , 30
2016/11/17, 16, 14, 32
2016/11/18, 10, 13, 32
2016/11/19, 14, 15, 21
2016/11/20, 14, 9, 34
2016/11/21, 29, 2, 35
2016/11/22, 42, 2, 34
2016/11/23, 47, 8, 27
2016/11/24, 27, 8, 37
2016/11/25, 25, 3, 26
2016/11/26, 28, 19, 21
2016/11/27, 15, 19, 29
2016/11/28, 13, 8, 41
2016/11/29, 23, 4, 34
2016/11/30, 26, 19, 27
2016/12/1, 18, 24, 28
2016/12/2, 15, 7, 37
2016/12/3, 25, 1, 30
2016/12/4, 37, , 34
2016/12/5, 38, , 37
2016/12/6, 32, 3, 31
2016/12/7, 36, 10, 36
2016/12/8, 39, 6, 29
2016/12/9, 29, 8, 24
2016/12/10, 32, 17, 18
2016/12/11, 17, 21, 32
2016/12/12, 17, 3, 35
2016/12/13, 31, 7, 29
2016/12/14, 27, 15, 35
2016/12/15, 24, 5, 35
2016/12/16, 32, 2, 26
2016/12/17, 32, 7, 25
2016/12/18, 28, 5, 32
2016/12/19, 25, 6, 28
2016/12/20, 32, 3, 28
2016/12/21, 38, , 32
2016/12/22, 31, 3, 29
2016/12/23, 27, 15, 20
2016/12/24, 19, 21, 13
2016/12/25, 11, 25, 11
2016/12/26, 9, 27, 20
2016/12/27, 20, 23, 21
2016/12/28, 12, 15, 35
2016/12/29, 24, 3, 31
2016/12/30, 30, 6, 28
2016/12/31, 33, 10, 23
2017/1/1, 59, 8, 27
2016/7/1, 23, 24, 26
2016/7/2, 20, 29, 16
2016/7/3, 14, 32, 33
2016/7/4, 18, 32, 37
2016/7/5, 28, 26, 19
2016/7/6, 18, 27, 26
2016/7/7, 19, 40, 39
2016/7/8, 28, 27, 20
2016/7/9, 18, 34, 24
2016/7/10, 19, 33, 35
2016/7/11, 25, 34, 36
2016/7/12, 25, 27, 30
2016/7/13, 23, 19, 24
2016/7/14, 17, 20, 22
2016/7/15, 15, 36, 25
2016/7/16, 18, 22, 20
2016/7/17, 19, 22, 27
2016/7/18, 20, 21, 27
2016/7/19, 22, 31, 41
2016/7/20, 24, 38, 43
2016/7/21, 29, 41, 33
2016/7/22, 27, 40, 27
2016/7/23, 23, 42, 21
2016/7/24, 35, 50, 39
2016/7/25, 39, 34, 34
2016/7/26, 34, 26, 33
2016/7/27, 26, 27, 30
2016/7/28, 37, 31, 33
2016/7/29, 26, 28, 23
2016/7/30, 19, 31, 23
2016/7/31, 20, 22, 24
2016/8/1, 19, 19, 34
2016/8/2, 23, 10, 25
2016/8/3, 20, 10, 23
2016/8/4, 20, 16, 31
2016/8/5, 25, 24, 21
2016/8/6, 17, 28, 18
2016/8/7, 15, 31, 30
2016/8/8, 26, 24, 23
2016/8/9, 19, 20, 23
2016/8/10, 14, 20, 23
2016/8/11, 16, 18, 23
2016/8/12, 18, 31, 19
2016/8/13, 23, 24, 15
2016/8/14, 16, 22, 21
2016/8/15, 16, 25, 24
2016/8/16, 18, 23, 27
2016/8/17, 17, 22, 33
2016/8/18, 26, 38, 39
2016/8/19, 30, 35, 31
2016/8/20, 28, 27, 19
2016/8/21, 17, 25, 31
2016/8/22, 20, 18, 25
2016/8/23, 25, 31, 38
2016/8/24, 22, 39, 37
2016/8/25, 23, 43, 48
2016/8/26, 31, 52, 32
2016/8/27, 36, 54, 33
2016/8/28, 29, 30, 26
2016/8/29, 20, 27, 29
2016/8/30, 16, 33, 53
2016/8/31, 28, 43, 43
2016/9/1, 34, 28, 37
2016/9/2, 28, 33, 33
2016/9/3, 30, 25, 23
2016/9/4, 19, 21, 22
2016/9/5, 15, 25, 36
2016/9/6, 15, 32, 50
2016/9/7, 25, 41, 49
2016/9/8, 39, 46, 45
2016/9/9, 42, 48, 38
2016/9/10, 37, 51, 30
2016/9/11, 32, 51, 45
2016/9/12, 40, 50, 54
2016/9/13, 48, 44, 39
2016/9/14, 42, 38, 45
2016/9/15, 27, 42, 47
2016/9/16, 43, 29, 28
2016/9/17, 35, 25, 22
2016/9/18, 20, 26, 23
2016/9/19, 23, 26, 31
2016/9/20, 24, 23, 28
2016/9/21, 24, 20, 39
2016/9/22, 32, 27, 48
2016/9/23, 43, 28, 35
2016/9/24, 32, 36, 33
2016/9/25, 32, 22, 41
2016/9/26, 43, 25, 42
2016/9/27, 41, 20, 28
2016/9/28, 40, 24, 27
2016/9/29, 30, 23, 29
2016/9/30, 20, 7, 29
2016/4/1, 19, 30, 31
2016/4/2, 24, 30, 27
2016/4/3, 31, 25, 51
2016/4/4, 49, 32, 51
2016/4/5, 58, 31, 28
2016/4/6, 29, 28, 33
2016/4/7, 22, 26, 36
2016/4/8, 27, 34, 33
2016/4/9, 36, 34, 20
2016/4/10, 23, 21, 26
2016/4/11, 27, 16, 35
2016/4/12, 42, 30, 35
2016/4/13, 49, 24, 31
2016/4/14, 34, 16, 38
2016/4/15, 34, 22, 28
2016/4/16, 18, 30, 21
2016/4/17, 14, 27, 32
2016/4/18, 18, 30, 25
2016/4/19, 24, 30, 26
2016/4/20, 21, 30, 33
2016/4/21, 27, 30, 32
2016/4/22, 22, 30, 24
2016/4/23, 20, 29, 17
2016/4/24, 11, 27, 26
2016/4/25, 17, 27, 30
2016/4/26, 16, 23, 26
2016/4/27, 15, 29, 30
2016/4/28, 21, 34, 41
2016/4/29, 23, 43, 37
2016/4/30, 23, 48, 23
2016/5/1, 28, 43, 29
2016/5/2, 22, 34, 39
2016/5/3, 34, 30, 26
2016/5/4, 16, 41, 25
2016/5/5, 16, 50, 38
2016/5/6, 27, 48, 29
2016/5/7, 27, 45, 25
2016/5/8, 25, 45, 35
2016/5/9, 32, 48, 34
2016/5/10, 36, 53, 37
2016/5/11, 29, 48, 27
2016/5/12, 33, 45, 20
2016/5/13, 25, 35, 22
2016/5/14, 23, 30, 16
2016/5/15, 13, 28, 14
2016/5/16, 13, 28, 29
2016/5/17, 16, 36, 39
2016/5/18, 31, 47, 46
2016/5/19, 37, 34, 35
2016/5/20, 35, 35, 29
2016/5/21, 28, 47, 32
2016/5/22, 27, 41, 40
2016/5/23, 40, 30, 25
2016/5/24, 34, 17, 23
2016/5/25, 31, 16, 27
2016/5/26, 39, 35, 37
2016/5/27, 36, 43, 38
2016/5/28, 30, 48, 27
2016/5/29, 27, 37, 32
2016/5/30, 34, 34, 31
2016/5/31, 41, 29, 32
2016/6/1, 30, 41, 35
2016/6/2, 30, 42, 33
2016/6/3, 29, 53, 37
2016/6/4, 34, 43, 31
2016/6/5, 33, 36, 27
2016/6/6, 21, 45, 33
2016/6/7, 26, 39, 38
2016/6/8, 31, 31, 27
2016/6/9, 33, 33, 24
2016/6/10, 27, 41, 22
2016/6/11, 18, 39, 17
2016/6/12, 17, 29, 25
2016/6/13, 26, 28, 31
2016/6/14, 31, 19, 35
2016/6/15, 20, 26, 30
2016/6/16, 20, 19, 31
2016/6/17, 19, 30, 23
2016/6/18, 21, 32, 20
2016/6/19, 22, 33, 33
2016/6/20, 22, 29, 28
2016/6/21, 19, 33, 43
2016/6/22, 28, 42, 43
2016/6/23, 30, 46, 48
2016/6/24, 35, 58, 28
2016/6/25, 39, 33, 17
2016/6/26, 17, 33, 37
2016/6/27, 20, 29, 29
2016/6/28, 21, 32, 35
2016/6/29, 24, 29, 42
2016/6/30, 26, 30, 33
2016/1/4, 59, 2, 23
2016/1/5, 71, 3, 22
2016/1/6, 72, 2, 23
2016/1/7, 75, 16, 28
2016/1/8, 43, 6, 35
2016/1/9, 28, 3, 27
2016/1/10, 44, , 36
2016/1/11, 31, 2, 35
2016/1/12, 28, 9, 28
2016/1/13, 20, 9, 32
2016/1/14, 28, 4, 28
2016/1/15, 40, 14, 26
2016/1/16, 30, 10, 24
2016/1/17, 33, 16, 34
2016/1/18, 24, 4, 35
2016/1/19, 40, 13, 34
2016/1/20, 33, 22, 35
2016/1/21, 27, 6, 42
2016/1/22, 43, 8, 30
2016/1/23, 46, 8, 26
2016/1/24, 32, 4, 27
2016/1/25, 30, 10, 27
2016/1/26, 37, 16, 26
2016/1/27, 31, 23, 28
2016/1/28, 31, 16, 29
2016/1/29, 34, 23, 17
2016/1/30, 12, 24, 16
2016/1/31, 19, 21, 27
2016/2/1, 24, 27, 22
2016/2/2, 21, 25, 22
2016/2/3, 27, 19, 25
2016/2/4, 21, 14, 28
2016/2/5, 24, 11, 29
2016/2/6, 26, 15, 24
2016/2/7, 28, 22, 26
2016/2/8, 16, 25, 23
2016/2/9, 20, 12, 35
2016/2/10, 27, 18, 29
2016/2/11, 22, 12, 38
2016/2/12, 45, 19, 31
2016/2/13, 47, 17, 21
2016/2/14, 49, 15, 24
2016/2/15, 38, 21, 32
2016/2/16, 32, 17, 30
2016/2/17, 36, 7, 34
2016/2/18, 46, 12, 33
2016/2/19, 45, 16, 21
2016/2/20, 29, 22, 15
2016/2/21, 12, 23, 25
2016/2/22, 14, 22, 30
2016/2/23, 30, 23, 29
2016/2/24, 27, 14, 38
2016/2/25, 31, 19, 36
2016/2/26, 39, 24, 33
2016/2/27, 34, 23, 23
2016/2/28, 46, 22, 22
2016/2/29, 36, 20, 30
2016/3/1, 40, 15, 29
2016/3/2, 34, 13, 42
2016/3/3, 39, 21, 36
2016/3/4, 32, 16, 25
2016/3/5, 46, 9, 21
2016/3/6, 43, 19, 38
2016/3/7, 44, 18, 47
2016/3/8, 56, 25, 35
2016/3/9, 51, 18, 24
2016/3/10, 43, 19, 21
2016/3/11, 34, 28, 18
2016/3/12, 25, 28, 18
2016/3/13, 25, 23, 33
2016/3/14, 38, 21, 21
2016/3/15, 25, 26, 26
2016/3/16, 32, 25, 49
2016/3/17, 51, 15, 31
2016/3/18, 35, 22, 26
2016/3/19, 29, 26, 19
2016/3/20, 20, 25, 29
2016/3/21, 23, 27, 32
2016/3/22, 22, 21, 36
2016/3/23, 27, 15, 35
2016/3/24, 33, 15, 23
2016/3/25, 33, 29, 27
2016/3/26, 26, 28, 20
2016/3/27, 35, 31, 26
2016/3/28, 17, 23, 28
2016/3/29, 12, 20, 31
2016/3/30, 19, 23, 38
2016/3/31, 27, 29, 29
2015/10/1, 42, 15, 52
2015/10/2, 57, 30, 42
2015/10/3, 46, 18, 36
2015/10/4, 52, 16, 43
2015/10/5, 58, 26, 32
2015/10/6, 55, 22, 26
2015/10/7, 54, 9, 31
2015/10/8, 28, 14, 30
2015/10/9, 41, 23, 20
2015/10/10, 34, 27, 17
2015/10/11, 28, 22, 27
2015/10/12, 33, 17, 27
2015/10/13, 32, 9, 22
2015/10/14, 35, 9, 26
2015/10/15, 44, 8, 33
2015/10/16, 37, 2, 23
2015/10/17, 30, 7, 21
2015/10/18, 25, , 28
2015/10/19, 29, 10, 26
2015/10/20, 26, 10, 28
2015/10/21, 28, 3, 25
2015/10/22, 34, 17, 31
2015/10/23, 34, 14, 40
2015/10/24, 41, 5, 25
2015/10/25, 34, 14, 38
2015/10/26, 34, 10, 33
2015/10/27, 41, 8, 31
2015/10/28, 53, 2, 32
2015/10/29, 57, , 32
2015/10/30, 55, 12, 30
2015/10/31, 63, 14, 33
2015/11/1, 50, 2, 45
2015/11/2, 55, 3, 42
2015/11/3, 55, , 43
2015/11/4, 62, , 38
2015/11/5, 59, 1, 32
2015/11/6, 53, , 
2015/11/9, 26, 17, 21
2015/11/10, 20, 10, 23
2015/11/11, 23, 19, 30
2015/11/12, 28, 10, 28
2015/11/13, 29, 22, 19
2015/11/14, 19, 18, 14
2015/11/15, 8, 7, 27
2015/11/16, 19, 11, 20
2015/11/17, 16, 22, 20
2015/11/18, 15, 21, 20
2015/11/19, 19, 13, 35
2015/11/20, 26, 12, 26
2015/11/21, 22, 17, 22
2015/11/22, 14, 6, 33
2015/11/23, 20, 6, 29
2015/11/24, 31, 6, 29
2015/11/25, 30, 4, 34
2015/11/26, 30, 2, 38
2015/11/27, 33, 8, 26
2015/11/28, 20, 19, 13
2015/11/29, 11, 26, 27
2015/11/30, 21, 18, 32
2015/12/1, 26, 11, 32
2015/12/2, 32, 14, 39
2015/12/3, 35, 8, 29
2015/12/4, 30, 15, 22
2015/12/5, 20, 18, 16
2015/12/6, 15, 14, 31
2015/12/7, 28, 2, 30
2015/12/8, 40, 8, 31
2015/12/9, 32, 6, 31
2015/12/10, 30, 8, 28
2015/12/11, 20, 18, 24
2015/12/12, 21, 18, 18
2015/12/13, 12, 2, 37
2015/12/14, 23, 2, 28
2015/12/15, 32, , 29
2015/12/16, 50, 4, 33
2015/12/17, 24, 4, 29
2015/12/18, 31, 7, 26
2015/12/19, 32, 7, 23
2015/12/20, 29, 11, 30
2015/12/21, 26, 20, 23
2015/12/22, 16, 17, 23
2015/12/23, 17, 9, 25
2015/12/24, 22, 25, 17
2015/12/25, 17, 21, 12
2015/12/26, 11, 15, 16
2015/12/27, 19, 18, 26
2015/12/28, 32, 17, 24
2015/12/29, 24, 9, 26
2015/12/30, 32, , 
2015/7/1, 22, 42, 37
2015/7/2, 28, 63, 50
2015/7/3, 35, 45, 45
2015/7/4, 38, 53, 29
2015/7/5, 39, 37, 30
2015/7/6, 33, 58, 53
2015/7/7, 35, 32, 25
2015/7/8, 33, 25, 21
2015/7/9, 21, 28, 21
2015/7/10, 25, 38, 28
2015/7/11, 27, 35, 31
2015/7/12, 33, 21, 26
2015/7/13, 25, 16, 32
2015/7/14, 25, 29, 29
2015/7/15, 24, 29, 37
2015/7/16, 29, 50, 47
2015/7/17, 32, 33, 34
2015/7/18, 35, 28, 20
2015/7/19, 21, 35, 27
2015/7/20, 21, 29, 29
2015/7/21, 25, 33, 38
2015/7/22, 29, 36, 26
2015/7/23, 27, 42, 31
2015/7/24, 24, 38, 19
2015/7/25, 26, 30, 13
2015/7/26, 15, 27, 31
2015/7/27, 22, 23, 19
2015/7/28, 18, 31, 22
2015/7/29, 22, 25, 22
2015/7/30, 20, 29, 26
2015/7/31, 22, 41, 35
2015/8/1, 29, 62, 32
2015/8/2, 33, 56, 45
2015/8/3, 41, 60, 53
2015/8/4, 49, 41, 28
2015/8/5, 30, 58, 44
2015/8/6, 38, 49, 63
2015/8/7, 48, 45, 18
2015/8/8, 40, , 
2015/8/11, 41, 38, 20
2015/8/12, 29, 38, 22
2015/8/13, 23, 59, 31
2015/8/14, 35, 57, 27
2015/8/15, 39, 54, 21
2015/8/16, 37, 35, 29
2015/8/17, 34, 31, 26
2015/8/18, 34, 16, 23
2015/8/19, 33, 38, 36
2015/8/20, 32, 43, 46
2015/8/21, 41, 45, 36
2015/8/22, 39, 41, 24
2015/8/23, 32, 39, 33
2015/8/24, 32, 30, 26
2015/8/25, 22, 30, 36
2015/8/26, 21, 29, 39
2015/8/27, 28, 24, 29
2015/8/28, 21, 39, 34
2015/8/29, 27, 38, 29
2015/8/30, 33, 47, 55
2015/8/31, 39, 39, 43
2015/9/1, 43, 27, 29
2015/9/2, 22, 22, 41
2015/9/3, 32, 28, 37
2015/9/4, 29, 26, 19
2015/9/5, 17, 23, 13
2015/9/6, 15, 22, 25
2015/9/7, 21, 24, 26
2015/9/8, 21, 22, 25
2015/9/9, 14, 26, 27
2015/9/10, 22, 17, 29
2015/9/11, 31, 32, 30
2015/9/12, 35, 29, 27
2015/9/13, 29, 28, 35
2015/9/14, 34, 23, 31
2015/9/15, 18, 24, 41
2015/9/16, 26, 22, 34
2015/9/17, 23, 26, 31
2015/9/18, 20, 23, 31
2015/9/19, 25, 22, 16
2015/9/20, 18, 21, 40
2015/9/21, 33, 22, 38
2015/9/22, 44, 16, 36
2015/9/23, 25, 16, 37
2015/9/24, 26, 18, 37
2015/9/25, 30, 24, 26
2015/9/26, 28, 23, 24
2015/9/27, 22, 21, 31
2015/9/28, 32, 19, 29
2015/9/29, 19, 23, 32
2015/9/30, 25, 20, 46
2015/4/1, 17, 27, 27
2015/4/2, 14, 27, 18
2015/4/3, 17, 28, 28
2015/4/4, 19, 31, 27
2015/4/5, 21, 29, 24
2015/4/6, 14, 28, 33
2015/4/7, 34, 23, 29
2015/4/8, 24, 29, 42
2015/4/9, 43, 33, 51
2015/4/10, 52, 41, 34
2015/4/11, 42, 33, 18
2015/4/12, 16, 29, 24
2015/4/13, 23, 27, 33
2015/4/14, 33, 37, 33
2015/4/15, 38, 34, 25
2015/4/16, 25, 29, 32
2015/4/17, 26, 30, 22
2015/4/18, 14, 37, 30
2015/4/19, 32, 34, 32
2015/4/20, 25, 38, 33
2015/4/21, 30, 31, 34
2015/4/22, 32, 36, 41
2015/4/23, 37, 38, 44
2015/4/24, 48, 50, 39
2015/4/25, 38, 33, 24
2015/4/26, 21, 16, 29
2015/4/27, 28, 21, 30
2015/4/28, 26, 30, 32
2015/4/29, 67, 25, 41
2015/4/30, 36, 31, 19
2015/5/1, 20, 33, 33
2015/5/2, 23, 41, 32
2015/5/3, 30, 32, 30
2015/5/4, 25, 21, 34
2015/5/5, 29, 38, 36
2015/5/6, 26, 31, 30
2015/5/7, 52, 35, 41
2015/5/8, 27, 35, 30
2015/5/9, 25, 32, 19
2015/5/10, 21, 33, 42
2015/5/11, 37, 42, 40
2015/5/12, 35, 31, 31
2015/5/13, 41, 28, 19
2015/5/14, 19, 31, 31
2015/5/15, 30, 32, 29
2015/5/16, 33, 32, 17
2015/5/17, 23, 15, 43
2015/5/18, 34, , 36
2015/5/19, 34, , 47
2015/5/20, 38, 32, 37
2015/5/21, 33, 37, 41
2015/5/22, 36, 34, 30
2015/5/23, 36, 40, 21
2015/5/24, 22, 40, 26
2015/5/25, 32, 26, 24
2015/5/26, 21, 27, 29
2015/5/27, 25, 31, 32
2015/5/28, 33, 36, 40
2015/5/29, 25, 32, 24
2015/5/30, 19, 40, 21
2015/5/31, 19, 28, 33
2015/6/1, 27, 36, 25
2015/6/2, 27, 30, 24
2015/6/3, 27, 33, 32
2015/6/4, 25, 60, 40
2015/6/5, 26, 61, 33
2015/6/6, 35, 43, 17
2015/6/7, 19, 35, 20
2015/6/8, 22, 38, 22
2015/6/9, 18, 38, 27
2015/6/10, 26, 50, 35
2015/6/11, 22, 57, 39
2015/6/12, 27, 53, 37
2015/6/13, 40, 37, 18
2015/6/14, 28, 32, 22
2015/6/15, 19, 29, 33
2015/6/16, 29, 36, 38
2015/6/17, 30, 28, 30
2015/6/18, 26, 22, 25
2015/6/19, 23, 21, 20
2015/6/20, 15, 26, 18
2015/6/21, 15, 20, 31
2015/6/22, 24, 14, 30
2015/6/23, 20, 20, 29
2015/6/24, 25, 31, 34
2015/6/25, 27, 38, 47
2015/6/26, 45, 33, 41
2015/6/27, 42, 27, 17
2015/6/28, 20, 38, 40
2015/6/29, 30, 32, 26
2015/6/30, 27, 37, 30
2015/1/1, 60, 15, 12
2015/1/2, 19, , 
2015/1/5, 28, 11, 33
2015/1/6, 28, 8, 33
2015/1/7, 29, 6, 27
2015/1/8, 19, 25, 21
2015/1/9, 17, 26, 16
2015/1/10, 12, 27, 13
2015/1/11, 17, 22, 23
2015/1/12, 12, 21, 23
2015/1/13, 14, 22, 28
2015/1/14, 15, 16, 29
2015/1/15, 13, 15, 37
2015/1/16, 25, 12, 33
2015/1/17, 32, 10, 30
2015/1/18, 35, 3, 36
2015/1/19, 40, 3, 34
2015/1/20, 41, 2, 30
2015/1/21, 41, 3, 23
2015/1/22, 36, 9, 23
2015/1/23, 29, 12, 27
2015/1/24, 31, 16, 23
2015/1/25, 24, 17, 29
2015/1/26, 26, 21, 31
2015/1/27, 20, 16, 30
2015/1/28, 32, 23, 26
2015/1/29, 18, 14, 36
2015/1/30, 23, 12, 28
2015/1/31, 27, 15, 23
2015/2/1, 28, 13, 30
2015/2/2, 30, 13, 34
2015/2/3, 28, 9, 29
2015/2/4, 21, 12, 28
2015/2/5, 25, 14, 28
2015/2/6, 43, 16, 26
2015/2/7, 35, 29, 15
2015/2/8, 22, 20, 30
2015/2/9, 19, 21, 33
2015/2/10, 30, 16, 36
2015/2/11, 43, 15, 31
2015/2/12, 50, 5, 35
2015/2/13, 49, 14, 35
2015/2/14, 52, 24, 27
2015/2/15, 61, 18, 28
2015/2/16, 61, 12, 33
2015/2/17, 60, 12, 33
2015/2/18, 57, 8, 31
2015/2/19, 58, 14, 34
2015/2/20, 67, 26, 27
2015/2/21, 35, 21, 30
2015/2/22, 29, 13, 33
2015/2/23, 39, 16, 35
2015/2/24, 49, 11, 44
2015/2/25, 58, 19, 45
2015/2/26, 57, 17, 41
2015/2/27, 51, 24, 30
2015/2/28, 33, 18, 22
2015/3/1, 22, 24, 31
2015/3/2, 24, 23, 27
2015/3/3, 28, 20, 30
2015/3/4, 24, 20, 33
2015/3/5, 26, 11, 38
2015/3/6, 42, 22, 31
2015/3/7, 41, 22, 30
2015/3/8, 30, 20, 36
2015/3/9, 39, 9, 32
2015/3/10, 44, 21, 31
2015/3/11, 37, 22, 26
2015/3/12, 22, 19, 29
2015/3/13, 26, 17, 23
2015/3/14, 34, 17, 17
2015/3/15, 32, 21, 25
2015/3/16, 48, 32, 35
2015/3/17, 47, 33, 38
2015/3/18, 43, 38, 49
2015/3/19, 54, 28, 62
2015/3/20, 64, 13, 25
2015/3/21, 41, 32, 21
2015/3/22, 13, 19, 38
2015/3/23, 34, 18, 41
2015/3/24, 57, 28, 38
2015/3/25, 60, 20, 36
2015/3/26, 53, 18, 30
2015/3/27, 36, 26, 25
2015/3/28, 27, 24, 17
2015/3/29, 16, 31, 21
2015/3/30, 11, 31, 22
2015/3/31, 17, 34, 23
2014/10/1, 46, 10, 53
2014/10/2, 53, 26, 35
2014/10/3, 35, 29, 35
2014/10/4, 47, 25, 28
2014/10/5, 46, 27, 33
2014/10/6, 52, 17, 32
2014/10/7, 52, 19, 36
2014/10/8, 30, 7, 38
2014/10/9, 37, 13, 37
2014/10/10, 27, 6, 34
2014/10/11, 38, 16, 24
2014/10/12, 27, 9, 37
2014/10/13, 37, 5, 37
2014/10/14, 32, 12, 39
2014/10/15, 31, 2, 42
2014/10/16, 33, 12, 35
2014/10/17, 35, 7, 31
2014/10/18, 39, 16, 23
2014/10/19, 23, 19, 23
2014/10/20, 21, 12, 29
2014/10/21, 23, 14, 27
2014/10/22, 20, 10, 41
2014/10/23, 34, 7, 28
2014/10/24, 31, 6, 26
2014/10/25, 36, 2, 27
2014/10/26, 34, 6, 37
2014/10/27, 33, 6, 36
2014/10/28, 41, 5, 31
2014/10/29, 46, , 37
2014/10/30, 47, 2, 34
2014/10/31, 46, 5, 40
2014/11/1, 43, 6, 31
2014/11/2, 32, 7, 30
2014/11/3, 30, 8, 37
2014/11/4, 45, 2, 33
2014/11/5, 45, 10, 38
2014/11/6, 27, 5, 38
2014/11/7, 38, 11, 33
2014/11/8, 38, 4, 28
2014/11/9, 37, 4, 33
2014/11/10, 39, 2, 34
2014/11/11, 34, 3, 33
2014/11/12, 54, , 31
2014/11/13, 67, 6, 27
2014/11/14, 54, 9, 24
2014/11/15, 48, 7, 22
2014/11/16, 46, 4, 32
2014/11/17, 35, 3, 18
2014/11/18, 46, 1, 21
2014/11/19, 42, , 23
2014/11/20, 50, 1, 32
2014/11/21, 46, 9, 26
2014/11/22, 30, 5, 16
2014/11/23, 37, 7, 34
2014/11/24, 33, 4, 38
2014/11/25, 32, 8, 37
2014/11/26, 30, 8, 32
2014/11/27, 54, 10, 25
2014/11/28, 48, 14, 29
2014/11/29, 43, 15, 19
2014/11/30, 45, 13, 26
2014/12/1, 46, 11, 28
2014/12/2, 49, 8, 26
2014/12/3, 60, 1, 28
2014/12/4, 67, , 33
2014/12/5, 65, 1, 26
2014/12/6, 42, 12, 28
2014/12/7, 28, 11, 31
2014/12/8, 27, 2, 36
2014/12/9, 43, 5, 29
2014/12/10, 29, 14, 32
2014/12/11, 21, 20, 24
2014/12/12, 14, 23, 27
2014/12/13, 19, 7, 28
2014/12/14, 32, 12, 35
2014/12/15, 25, 8, 31
2014/12/16, 29, 13, 32
2014/12/17, 25, 8, 28
2014/12/18, 19, 18, 27
2014/12/19, 14, 24, 19
2014/12/20, 16, 24, 16
2014/12/21, 20, 20, 19
2014/12/22, 10, 18, 17
2014/12/23, 12, 21, 17
2014/12/24, 12, 22, 14
2014/12/25, 18, 18, 24
2014/12/26, 15, 13, 26
2014/12/27, 26, 17, 22
2014/12/28, 35, , 
2014/8/20, 20, 28, 35
2014/8/21, 23, 31, 45
2014/8/22, 38, 30, 28
2014/8/23, 21, 28, 19
2014/8/24, 18, 31, 34
2014/8/25, 23, 31, 37
2014/8/26, 22, 28, 39
2014/8/27, 25, 38, 53
2014/8/28, 31, 15, 51
2014/8/29, 34, 23, 30
2014/8/30, 29, 17, 24
2014/8/31, 19, 13, 33
2014/9/1, 26, 24, 30
2014/9/2, 20, 26, 29
2014/9/3, 16, 31, 33
2014/9/4, 25, 37, 41
2014/9/5, 38, 43, 40
2014/9/6, 42, 38, 34
2014/9/7, 44, 29, 35
2014/9/8, 36, 25, 30
2014/9/9, 31, 20, 30
2014/9/10, 24, 21, 34
2014/9/11, 25, 23, 26
2014/9/12, 30, 23, 24
2014/9/13, 36, 24, 26
2014/9/14, 41, 34, 43
2014/9/15, 51, 36, 40
2014/9/16, 50, 38, 39
2014/9/17, 48, 35, 42
2014/9/18, 42, 16, 46
2014/9/19, 46, 7, 35
2014/9/20, 51, 22, 22
2014/9/21, 37, 21, 24
2014/9/22, 28, 22, 30
2014/9/23, 18, 14, 37
2014/9/24, 30, 13, 36
2014/9/25, 29, 8, 31
2014/9/26, 30, 19, 28
2014/9/27, 29, 24, 38
2014/9/28, 37, 13, 47
2014/9/29, 41, 10, 41
2014/9/30, 39, 11, 43
2019/12/31, , 17, 21
2018/12/31, , 21, 9
2017/12/31, , 29, 17
2017/12/3, , 14, 33
2017/9/10, , 17, 25
2017/2/12, , 16, 39
2016/1/3, , 6, 23
2015/11/8, , 16, 30
2015/8/10, , 48, 38
2014/12/31, , 14, 18
2015/1/4, , 15, 33
2014/8/19, , 22, 24